2026-03-12 22:50:25 | INFO     | isalab | main:16 | Iniciando LabVet Pro...
2026-03-12 22:50:26 | INFO     | isalab | _initialize_database:115 | Base de datos inicializada correctamente
2026-03-12 22:50:26 | INFO     | isalab | __init__:35 | DatabaseManager inicializado
2026-03-12 22:50:26 | ERROR    | isalab | wrapper:22 | Error en UI: unknown option "-background"
Traceback (most recent call last):
  File "d:\ISALAB\gui\components.py", line 18, in wrapper
    return func(*args, **kwargs)
  File "d:\ISALAB\gui\views\dashboard.py", line 70, in _load_data
    widget.configure(background=color)
    ~~~~~~~~~~~~~~~~^^^^^^^^^^^^^^^^^^
  File "D:\ISALAB\ISALAB\Lib\site-packages\ttkbootstrap\style.py", line 5350, in configure
    func(self, cnf, **kwargs)
    ~~~~^^^^^^^^^^^^^^^^^^^^^
  File "C:\Users\ACERUSR\AppData\Local\Programs\Python\Python314\Lib\tkinter\__init__.py", line 1842, in configure
    return self._configure('configure', cnf, kw)
           ~~~~~~~~~~~~~~~^^^^^^^^^^^^^^^^^^^^^^
  File "C:\Users\ACERUSR\AppData\Local\Programs\Python\Python314\Lib\tkinter\__init__.py", line 1826, in _configure
    self.tk.call(_flatten((self._w, cmd)) + self._options(cnf))
    ~~~~~~~~~~~~^^^^^^^^^^^^^^^^^^^^^^^^^^^^^^^^^^^^^^^^^^^^^^^
_tkinter.TclError: unknown option "-background"
2026-03-12 22:50:37 | INFO     | isalab | main:22 | Aplicación iniciada correctamente
2026-03-12 22:53:07 | INFO     | isalab | main:16 | Iniciando LabVet Pro...
2026-03-12 22:53:07 | INFO     | isalab | _initialize_database:115 | Base de datos inicializada correctamente
2026-03-12 22:53:07 | INFO     | isalab | __init__:35 | DatabaseManager inicializado
2026-03-12 22:53:12 | INFO     | isalab | main:22 | Aplicación iniciada correctamente
2026-03-12 22:54:22 | ERROR    | isalab | wrapper:22 | Error en UI: 'DateEntry' object has no attribute '_calendar'
Traceback (most recent call last):
  File "d:\ISALAB\gui\components.py", line 18, in wrapper
    return func(*args, **kwargs)
  File "d:\ISALAB\gui\app.py", line 116, in _nuevo_animal
    NuevoAnimalDialog(self.root, self._show_animales)
    ~~~~~~~~~~~~~~~~~^^^^^^^^^^^^^^^^^^^^^^^^^^^^^^^^
  File "d:\ISALAB\gui\dialogs\animal_dialog.py", line 20, in __init__
    self._create_form()
    ~~~~~~~~~~~~~~~~~^^
  File "d:\ISALAB\gui\dialogs\animal_dialog.py", line 66, in _create_form
    self.fecha_entry = DateEntry(form, width=30)
                       ~~~~~~~~~^^^^^^^^^^^^^^^^
  File "D:\ISALAB\ISALAB\Lib\site-packages\tkcalendar\dateentry.py", line 118, in __init__
    ttk.Entry.__init__(self, master, **entry_kw)
    ~~~~~~~~~~~~~~~~~~^^^^^^^^^^^^^^^^^^^^^^^^^^
  File "D:\ISALAB\ISALAB\Lib\site-packages\ttkbootstrap\style.py", line 5310, in __init__
    self.configure(style=ttkstyle)
    ~~~~~~~~~~~~~~^^^^^^^^^^^^^^^^
  File "D:\ISALAB\ISALAB\Lib\site-packages\tkcalendar\dateentry.py", line 405, in configure
    self._calendar.configure(kwargs)
    ^^^^^^^^^^^^^^
AttributeError: 'DateEntry' object has no attribute '_calendar'
2026-03-12 23:42:17 | INFO     | isalab | main:20 | Iniciando IsaLab...
2026-03-12 23:42:17 | INFO     | isalab | _initialize_database:115 | Base de datos inicializada correctamente
2026-03-12 23:42:17 | INFO     | isalab | __init__:35 | DatabaseManager inicializado
2026-03-12 23:42:17 | INFO     | isalab | main:23 | Aplicación iniciada correctamente
2026-03-13 08:18:14 | INFO     | isalab | main:20 | Iniciando IsaLab...
2026-03-13 08:18:15 | INFO     | isalab | _initialize_database:115 | Base de datos inicializada correctamente
2026-03-13 08:18:15 | INFO     | isalab | __init__:35 | DatabaseManager inicializado
2026-03-13 08:18:16 | INFO     | isalab | main:23 | Aplicación iniciada correctamente
2026-03-13 08:41:48 | INFO     | isalab | main:20 | Iniciando IsaLab...
2026-03-13 08:41:48 | INFO     | isalab | _initialize_database:115 | Base de datos inicializada correctamente
2026-03-13 08:41:48 | INFO     | isalab | __init__:35 | DatabaseManager inicializado
2026-03-13 08:41:48 | INFO     | isalab | main:23 | Aplicación iniciada correctamente
2026-03-13 09:01:20 | INFO     | isalab | main:20 | Iniciando IsaLab...
2026-03-13 09:01:20 | INFO     | isalab | _initialize_database:115 | Base de datos inicializada correctamente
2026-03-13 09:01:20 | INFO     | isalab | __init__:35 | DatabaseManager inicializado
2026-03-13 09:01:21 | INFO     | isalab | main:23 | Aplicación iniciada correctamente
2026-03-13 10:13:09 | INFO     | isalab | main:20 | Iniciando IsaLab...
2026-03-13 10:13:10 | INFO     | isalab | _initialize_database:115 | Base de datos inicializada correctamente
2026-03-13 10:13:10 | INFO     | isalab | __init__:35 | DatabaseManager inicializado
2026-03-13 10:13:10 | INFO     | isalab | main:23 | Aplicación iniciada correctamente
2026-03-13 10:20:27 | INFO     | isalab | main:20 | Iniciando IsaLab...
2026-03-13 10:20:28 | INFO     | isalab | _initialize_database:115 | Base de datos inicializada correctamente
2026-03-13 10:20:28 | INFO     | isalab | __init__:35 | DatabaseManager inicializado
2026-03-13 10:20:28 | INFO     | isalab | main:23 | Aplicación iniciada correctamente
2026-03-13 10:22:23 | INFO     | isalab | main:20 | Iniciando IsaLab...
2026-03-13 10:22:23 | INFO     | isalab | _initialize_database:115 | Base de datos inicializada correctamente
2026-03-13 10:22:23 | INFO     | isalab | __init__:35 | DatabaseManager inicializado
2026-03-13 10:22:23 | INFO     | isalab | main:23 | Aplicación iniciada correctamente
2026-03-13 10:25:07 | INFO     | isalab | main:20 | Iniciando IsaLab...
2026-03-13 10:25:08 | INFO     | isalab | _initialize_database:115 | Base de datos inicializada correctamente
2026-03-13 10:25:08 | INFO     | isalab | __init__:35 | DatabaseManager inicializado
2026-03-13 10:25:08 | INFO     | isalab | main:23 | Aplicación iniciada correctamente
2026-03-13 11:37:11 | INFO     | isalab | main:20 | Iniciando IsaLab...
2026-03-13 11:37:12 | INFO     | isalab | _initialize_database:249 | Base de datos inicializada correctamente
2026-03-13 11:37:12 | INFO     | isalab | __init__:35 | DatabaseManager inicializado
2026-03-13 11:37:12 | INFO     | isalab | main:23 | Aplicación iniciada correctamente
2026-03-13 13:31:08 | INFO     | isalab | main:20 | Iniciando IsaLab...
2026-03-13 13:31:09 | INFO     | isalab | _initialize_database:249 | Base de datos inicializada correctamente
2026-03-13 13:31:09 | INFO     | isalab | __init__:35 | DatabaseManager inicializado
2026-03-13 13:31:09 | INFO     | isalab | main:23 | Aplicación iniciada correctamente
2026-03-13 13:33:02 | INFO     | isalab | main:20 | Iniciando IsaLab...
2026-03-13 13:33:02 | INFO     | isalab | _initialize_database:249 | Base de datos inicializada correctamente
2026-03-13 13:33:02 | INFO     | isalab | __init__:35 | DatabaseManager inicializado
2026-03-13 13:33:03 | INFO     | isalab | main:23 | Aplicación iniciada correctamente
2026-03-13 13:57:26 | INFO     | isalab | main:20 | Iniciando IsaLab...
2026-03-13 13:57:27 | INFO     | isalab | _initialize_database:249 | Base de datos inicializada correctamente
2026-03-13 13:57:27 | INFO     | isalab | __init__:35 | DatabaseManager inicializado
2026-03-13 13:57:28 | INFO     | isalab | main:23 | Aplicación iniciada correctamente
2026-03-13 14:01:55 | INFO     | isalab | create:29 | Animal creado: 92520615
2026-03-13 14:01:55 | INFO     | isalab | registrar_ingreso:58 | Ingreso registrado: 92520615
2026-03-13 14:05:48 | INFO     | isalab | create:107 | Muestra creada: ISA-20260313-5030
2026-03-13 14:05:48 | INFO     | isalab | registrar_muestra:47 | Muestra registrada: ISA-20260313-5030
2026-03-13 14:09:05 | INFO     | isalab | main:20 | Iniciando IsaLab...
2026-03-13 14:09:05 | INFO     | isalab | _initialize_database:249 | Base de datos inicializada correctamente
2026-03-13 14:09:05 | INFO     | isalab | __init__:35 | DatabaseManager inicializado
2026-03-13 14:09:06 | INFO     | isalab | main:23 | Aplicación iniciada correctamente
2026-03-13 14:10:04 | INFO     | isalab | main:20 | Iniciando IsaLab...
2026-03-13 14:10:05 | INFO     | isalab | _initialize_database:249 | Base de datos inicializada correctamente
2026-03-13 14:10:05 | INFO     | isalab | __init__:35 | DatabaseManager inicializado
2026-03-13 14:10:05 | INFO     | isalab | main:23 | Aplicación iniciada correctamente
2026-03-13 17:29:34 | INFO     | isalab | _initialize_database:249 | Base de datos inicializada correctamente
2026-03-13 17:29:34 | INFO     | isalab | __init__:35 | DatabaseManager inicializado
2026-03-13 17:50:49 | INFO     | isalab | main:20 | Iniciando IsaLab...
2026-03-13 17:50:49 | INFO     | isalab | _initialize_database:249 | Base de datos inicializada correctamente
2026-03-13 17:50:49 | INFO     | isalab | __init__:35 | DatabaseManager inicializado
2026-03-13 17:50:49 | INFO     | isalab | main:23 | Aplicación iniciada correctamente
2026-03-13 17:50:59 | DEBUG    | isalab | listar_animales:54 | Obtenidos 1 pacientes
2026-03-13 17:50:59 | DEBUG    | isalab | listar_animales:54 | Obtenidos 1 pacientes
2026-03-13 17:51:00 | DEBUG    | isalab | listar_animales:54 | Obtenidos 1 pacientes
2026-03-13 18:05:06 | INFO     | isalab | _initialize_database:249 | Base de datos inicializada correctamente
2026-03-13 18:05:06 | INFO     | isalab | __init__:35 | DatabaseManager inicializado
2026-03-13 18:39:40 | INFO     | isalab | main:20 | Iniciando IsaLab...
2026-03-13 18:39:41 | INFO     | isalab | _initialize_database:249 | Base de datos inicializada correctamente
2026-03-13 18:39:41 | INFO     | isalab | __init__:35 | DatabaseManager inicializado
2026-03-13 18:39:41 | INFO     | isalab | main:23 | Aplicación iniciada correctamente
2026-03-13 18:39:50 | DEBUG    | isalab | listar_animales:55 | Obtenidos 1 pacientes
2026-03-13 18:39:50 | DEBUG    | isalab | listar_animales:55 | Obtenidos 1 pacientes
2026-03-13 18:39:50 | DEBUG    | isalab | listar_animales:55 | Obtenidos 1 pacientes
2026-03-13 18:42:25 | INFO     | isalab | main:20 | Iniciando IsaLab...
2026-03-13 18:42:25 | INFO     | isalab | _initialize_database:249 | Base de datos inicializada correctamente
2026-03-13 18:42:25 | INFO     | isalab | __init__:35 | DatabaseManager inicializado
2026-03-13 18:42:26 | INFO     | isalab | main:23 | Aplicación iniciada correctamente
2026-03-13 18:58:05 | INFO     | isalab | main:20 | Iniciando IsaLab...
2026-03-13 18:58:05 | INFO     | isalab | _initialize_database:249 | Base de datos inicializada correctamente
2026-03-13 18:58:05 | INFO     | isalab | __init__:35 | DatabaseManager inicializado
2026-03-13 18:58:05 | INFO     | isalab | main:23 | Aplicación iniciada correctamente
2026-03-13 19:21:11 | INFO     | isalab | main:20 | Iniciando IsaLab...
2026-03-13 19:21:12 | INFO     | isalab | _initialize_database:249 | Base de datos inicializada correctamente
2026-03-13 19:21:12 | INFO     | isalab | __init__:35 | DatabaseManager inicializado
2026-03-13 19:21:12 | INFO     | isalab | main:23 | Aplicación iniciada correctamente
2026-03-13 19:21:27 | DEBUG    | isalab | listar_animales:55 | Obtenidos 1 pacientes
2026-03-13 19:21:27 | DEBUG    | isalab | listar_animales:55 | Obtenidos 1 pacientes
2026-03-13 19:21:27 | DEBUG    | isalab | listar_animales:55 | Obtenidos 1 pacientes
2026-03-13 19:21:31 | DEBUG    | isalab | listar_animales:55 | Obtenidos 1 pacientes
2026-03-13 19:21:31 | DEBUG    | isalab | listar_animales:55 | Obtenidos 1 pacientes
2026-03-13 19:21:31 | DEBUG    | isalab | listar_animales:55 | Obtenidos 1 pacientes
2026-03-13 19:22:09 | DEBUG    | isalab | listar_animales:55 | Obtenidos 1 pacientes
2026-03-13 19:22:22 | DEBUG    | isalab | listar_animales:55 | Obtenidos 1 pacientes
2026-03-13 19:23:16 | DEBUG    | isalab | listar_animales:55 | Obtenidos 1 pacientes
2026-03-13 19:25:46 | DEBUG    | isalab | listar_animales:55 | Obtenidos 1 pacientes
2026-03-13 19:26:33 | DEBUG    | isalab | listar_animales:55 | Obtenidos 1 pacientes
2026-03-13 19:28:02 | INFO     | isalab | create:176 | Recepción creada: ISAL-0001
2026-03-13 19:28:02 | INFO     | isalab | registrar_recepcion:48 | Recepción registrada: ISAL-0001 para animal 1
2026-03-13 19:28:23 | DEBUG    | isalab | listar_animales:55 | Obtenidos 1 pacientes
2026-03-14 23:37:02 | INFO     | isalab | main:20 | Iniciando IsaLab...
2026-03-14 23:37:02 | INFO     | isalab | _initialize_database:249 | Base de datos inicializada correctamente
2026-03-14 23:37:02 | INFO     | isalab | __init__:35 | DatabaseManager inicializado
2026-03-14 23:37:03 | INFO     | isalab | main:23 | Aplicación iniciada correctamente
2026-03-14 23:37:32 | INFO     | isalab | main:20 | Iniciando IsaLab...
2026-03-14 23:37:33 | INFO     | isalab | _initialize_database:249 | Base de datos inicializada correctamente
2026-03-14 23:37:33 | INFO     | isalab | __init__:35 | DatabaseManager inicializado
2026-03-14 23:37:33 | INFO     | isalab | main:23 | Aplicación iniciada correctamente
2026-03-15 00:05:48 | INFO     | isalab | main:29 | Iniciando IsaLab...
2026-03-15 00:05:49 | INFO     | isalab | _initialize_database:249 | Base de datos inicializada correctamente
2026-03-15 00:05:49 | INFO     | isalab | __init__:35 | DatabaseManager inicializado
2026-03-15 00:05:49 | INFO     | isalab | main:32 | Aplicación iniciada correctamente
2026-03-15 00:05:56 | INFO     | isalab | main:29 | Iniciando IsaLab...
2026-03-15 00:05:57 | INFO     | isalab | _initialize_database:249 | Base de datos inicializada correctamente
2026-03-15 00:05:57 | INFO     | isalab | __init__:35 | DatabaseManager inicializado
2026-03-15 00:05:57 | INFO     | isalab | main:32 | Aplicación iniciada correctamente
2026-03-15 00:06:01 | ERROR    | isalab | wrapper:31 | Error en UI: tuple index out of range
Traceback (most recent call last):
  File "g:\ISALAB\gui\components.py", line 27, in wrapper
    return func(*args, **kwargs)
  File "g:\ISALAB\gui\app.py", line 201, in _show_muestras
    MuestrasView(self._inner).pack(fill=tk.BOTH, expand=True)
    ~~~~~~~~~~~~^^^^^^^^^^^^^
  File "g:\ISALAB\gui\views\muestras.py", line 19, in __init__
    self._build()
    ~~~~~~~~~~~^^
  File "g:\ISALAB\gui\views\muestras.py", line 66, in _build
    self.table = DataTable(self, columns, col_widths, height=22)
                 ~~~~~~~~~^^^^^^^^^^^^^^^^^^^^^^^^^^^^^^^^^^^^^^
  File "g:\ISALAB\gui\components.py", line 168, in __init__
    self._sheet = _Sheet(
                  ~~~~~~^
        self,
        ^^^^^
    ...<21 lines>...
        empty_vertical=0,
        ^^^^^^^^^^^^^^^^^
    )
    ^
  File "G:\ISALAB\.venv\Lib\site-packages\tksheet\sheet.py", line 378, in __init__
    self.MT: MainTable = MainTable(
                         ~~~~~~~~~^
        parent=self,
        ^^^^^^^^^^^^
    ...<16 lines>...
        all_rows_displayed=all_rows_displayed,
        ^^^^^^^^^^^^^^^^^^^^^^^^^^^^^^^^^^^^^^
    )
    ^
  File "G:\ISALAB\.venv\Lib\site-packages\tksheet\main_table.py", line 311, in __init__
    self.PAR.ops.table_font[2],
    ~~~~~~~~~~~~~~~~~~~~~~~^^^
IndexError: tuple index out of range
2026-03-15 00:06:08 | ERROR    | isalab | wrapper:31 | Error en UI: tuple index out of range
Traceback (most recent call last):
  File "g:\ISALAB\gui\components.py", line 27, in wrapper
    return func(*args, **kwargs)
  File "g:\ISALAB\gui\app.py", line 196, in _show_animales
    AnimalesView(self._inner).pack(fill=tk.BOTH, expand=True)
    ~~~~~~~~~~~~^^^^^^^^^^^^^
  File "g:\ISALAB\gui\views\animales.py", line 21, in __init__
    self._build()
    ~~~~~~~~~~~^^
  File "g:\ISALAB\gui\views\animales.py", line 73, in _build
    self.table = DataTable(self, columns, col_widths, height=22)
                 ~~~~~~~~~^^^^^^^^^^^^^^^^^^^^^^^^^^^^^^^^^^^^^^
  File "g:\ISALAB\gui\components.py", line 168, in __init__
    self._sheet = _Sheet(
                  ~~~~~~^
        self,
        ^^^^^
    ...<21 lines>...
        empty_vertical=0,
        ^^^^^^^^^^^^^^^^^
    )
    ^
  File "G:\ISALAB\.venv\Lib\site-packages\tksheet\sheet.py", line 378, in __init__
    self.MT: MainTable = MainTable(
                         ~~~~~~~~~^
        parent=self,
        ^^^^^^^^^^^^
    ...<16 lines>...
        all_rows_displayed=all_rows_displayed,
        ^^^^^^^^^^^^^^^^^^^^^^^^^^^^^^^^^^^^^^
    )
    ^
  File "G:\ISALAB\.venv\Lib\site-packages\tksheet\main_table.py", line 311, in __init__
    self.PAR.ops.table_font[2],
    ~~~~~~~~~~~~~~~~~~~~~~~^^^
IndexError: tuple index out of range
2026-03-15 00:10:25 | INFO     | isalab | main:29 | Iniciando IsaLab...
2026-03-15 00:10:26 | INFO     | isalab | _initialize_database:249 | Base de datos inicializada correctamente
2026-03-15 00:10:26 | INFO     | isalab | __init__:35 | DatabaseManager inicializado
2026-03-15 00:10:27 | INFO     | isalab | main:32 | Aplicación iniciada correctamente
2026-03-15 00:15:07 | INFO     | isalab | main:29 | Iniciando IsaLab...
2026-03-15 00:15:08 | INFO     | isalab | _initialize_database:249 | Base de datos inicializada correctamente
2026-03-15 00:15:08 | INFO     | isalab | __init__:35 | DatabaseManager inicializado
2026-03-15 00:15:08 | INFO     | isalab | main:32 | Aplicación iniciada correctamente
2026-03-15 00:15:21 | INFO     | isalab | main:29 | Iniciando IsaLab...
2026-03-15 00:15:22 | INFO     | isalab | _initialize_database:249 | Base de datos inicializada correctamente
2026-03-15 00:15:22 | INFO     | isalab | __init__:35 | DatabaseManager inicializado
2026-03-15 00:15:22 | INFO     | isalab | main:32 | Aplicación iniciada correctamente
2026-03-15 00:31:45 | INFO     | isalab | main:28 | Iniciando IsaLab...
2026-03-15 00:31:46 | INFO     | isalab | _initialize_database:249 | Base de datos inicializada correctamente
2026-03-15 00:31:46 | INFO     | isalab | __init__:35 | DatabaseManager inicializado
2026-03-15 00:31:46 | INFO     | isalab | main:44 | Aplicación iniciada correctamente
2026-03-15 15:07:49 | INFO     | isalab | main:23 | Iniciando IsaLab con PySide6...
2026-03-15 15:07:49 | CRITICAL | isalab | main:29 | Error fatal: DashboardView.__init__() missing 1 required positional argument: 'parent'
Traceback (most recent call last):
  File "g:\ISALAB\main.py", line 24, in main
    window = LabVetApp()
  File "g:\ISALAB\gui_pyside\app.py", line 55, in __init__
    self._show_dashboard()
    ~~~~~~~~~~~~~~~~~~~~^^
  File "g:\ISALAB\gui_pyside\app.py", line 224, in _show_dashboard
    self.dashboard_view = DashboardView()
                          ~~~~~~~~~~~~~^^
TypeError: DashboardView.__init__() missing 1 required positional argument: 'parent'

2026-03-15 15:16:06 | INFO     | isalab | main:23 | Iniciando IsaLab con PySide6...
2026-03-15 15:16:06 | CRITICAL | isalab | main:29 | Error fatal: 'LabVetApp' object has no attribute '_show_animales'
Traceback (most recent call last):
  File "g:\ISALAB\main.py", line 24, in main
    window = LabVetApp()
  File "g:\ISALAB\gui_pyside\app.py", line 54, in __init__
    self._build_layout()
    ~~~~~~~~~~~~~~~~~~^^
  File "g:\ISALAB\gui_pyside\app.py", line 105, in _build_layout
    ("🐾  Pacientes", self._show_animales),
                      ^^^^^^^^^^^^^^^^^^^
AttributeError: 'LabVetApp' object has no attribute '_show_animales'

2026-03-15 15:17:43 | INFO     | isalab | main:23 | Iniciando IsaLab con PySide6...
2026-03-15 15:17:43 | CRITICAL | isalab | main:29 | Error fatal: 'LabVetApp' object has no attribute '_show_animales'
Traceback (most recent call last):
  File "g:\ISALAB\main.py", line 24, in main
    window = LabVetApp()
  File "g:\ISALAB\gui_pyside\app.py", line 54, in __init__
    self._build_layout()
    ~~~~~~~~~~~~~~~~~~^^
  File "g:\ISALAB\gui_pyside\app.py", line 105, in _build_layout
    ("🐾  Pacientes", self._show_animales),
                      ^^^^^^^^^^^^^^^^^^^
AttributeError: 'LabVetApp' object has no attribute '_show_animales'

2026-03-15 16:17:08 | INFO     | isalab | main:23 | Iniciando IsaLab con PySide6...
2026-03-15 16:17:08 | CRITICAL | isalab | main:29 | Error fatal: 'LabVetApp' object has no attribute '_show_animales'
Traceback (most recent call last):
  File "g:\ISALAB\main.py", line 24, in main
    window = LabVetApp()
  File "g:\ISALAB\gui_pyside\app.py", line 54, in __init__
    self._build_layout()
    ~~~~~~~~~~~~~~~~~~^^
  File "g:\ISALAB\gui_pyside\app.py", line 105, in _build_layout
    ("🐾  Pacientes", self._show_animales),
                      ^^^^^^^^^^^^^^^^^^^
AttributeError: 'LabVetApp' object has no attribute '_show_animales'

2026-03-15 17:29:33 | INFO     | isalab | main:23 | Iniciando IsaLab con PySide6...
2026-03-15 17:29:33 | CRITICAL | isalab | main:29 | Error fatal: 'LabVetApp' object has no attribute '_show_animales'
Traceback (most recent call last):
  File "g:\ISALAB\main.py", line 24, in main
    window = LabVetApp()
  File "g:\ISALAB\gui_pyside\app.py", line 54, in __init__
    self._build_layout()
    ~~~~~~~~~~~~~~~~~~^^
  File "g:\ISALAB\gui_pyside\app.py", line 105, in _build_layout
    ("🐾  Pacientes", self._show_animales),
                      ^^^^^^^^^^^^^^^^^^^
AttributeError: 'LabVetApp' object has no attribute '_show_animales'

2026-03-15 17:32:55 | INFO     | isalab | main:23 | Iniciando IsaLab con PySide6...
2026-03-15 17:32:56 | INFO     | isalab | main:26 | Aplicación iniciada correctamente
2026-03-15 17:33:11 | INFO     | isalab | _initialize_database:249 | Base de datos inicializada correctamente
2026-03-15 17:33:11 | INFO     | isalab | __init__:35 | DatabaseManager inicializado
2026-03-15 17:33:51 | INFO     | isalab | main:23 | Iniciando IsaLab con PySide6...
2026-03-15 17:33:51 | INFO     | isalab | main:26 | Aplicación iniciada correctamente
2026-03-15 17:34:12 | INFO     | isalab | _initialize_database:249 | Base de datos inicializada correctamente
2026-03-15 17:34:12 | INFO     | isalab | __init__:35 | DatabaseManager inicializado
2026-03-15 17:39:17 | INFO     | isalab | main:23 | Iniciando IsaLab con PySide6...
2026-03-15 17:39:17 | INFO     | isalab | main:26 | Aplicación iniciada correctamente
2026-03-15 17:39:22 | INFO     | isalab | _initialize_database:249 | Base de datos inicializada correctamente
2026-03-15 17:39:22 | INFO     | isalab | __init__:35 | DatabaseManager inicializado
2026-03-15 17:46:39 | INFO     | isalab | main:23 | Iniciando IsaLab con PySide6...
2026-03-15 17:46:39 | INFO     | isalab | main:26 | Aplicación iniciada correctamente
2026-03-15 17:46:43 | INFO     | isalab | _initialize_database:249 | Base de datos inicializada correctamente
2026-03-15 17:46:43 | INFO     | isalab | __init__:35 | DatabaseManager inicializado
2026-03-15 18:15:15 | INFO     | isalab | main:23 | Iniciando IsaLab con PySide6...
2026-03-15 18:15:15 | INFO     | isalab | main:26 | Aplicación iniciada correctamente
2026-03-15 18:15:25 | INFO     | isalab | _initialize_database:249 | Base de datos inicializada correctamente
2026-03-15 18:15:25 | INFO     | isalab | __init__:35 | DatabaseManager inicializado
2026-03-15 21:08:49 | INFO     | isalab | main:23 | Iniciando IsaLab con PySide6...
2026-03-15 21:08:49 | INFO     | isalab | main:26 | Aplicación iniciada correctamente
2026-03-15 21:08:54 | INFO     | isalab | _initialize_database:249 | Base de datos inicializada correctamente
2026-03-15 21:08:54 | INFO     | isalab | __init__:35 | DatabaseManager inicializado
2026-03-15 21:24:34 | INFO     | isalab | main:23 | Iniciando IsaLab con PySide6...
2026-03-15 21:24:35 | INFO     | isalab | main:26 | Aplicación iniciada correctamente
2026-03-15 21:37:45 | INFO     | isalab | main:23 | Iniciando IsaLab con PySide6...
2026-03-15 21:37:45 | INFO     | isalab | main:26 | Aplicación iniciada correctamente
2026-03-15 21:43:06 | INFO     | isalab | main:23 | Iniciando IsaLab con PySide6...
2026-03-15 21:43:06 | INFO     | isalab | main:26 | Aplicación iniciada correctamente
2026-03-15 21:44:09 | INFO     | isalab | main:23 | Iniciando IsaLab con PySide6...
2026-03-15 21:44:09 | INFO     | isalab | main:26 | Aplicación iniciada correctamente
2026-03-15 21:49:00 | INFO     | isalab | main:25 | Iniciando IsaLab con PySide6...
2026-03-15 21:49:00 | INFO     | isalab | main:28 | Aplicación iniciada correctamente
2026-03-15 21:49:23 | INFO     | isalab | _initialize_database:249 | Base de datos inicializada correctamente
2026-03-15 21:49:23 | INFO     | isalab | __init__:35 | DatabaseManager inicializado
2026-03-15 21:55:25 | INFO     | isalab | main:25 | Iniciando IsaLab con PySide6...
2026-03-15 21:55:25 | INFO     | isalab | main:28 | Aplicación iniciada correctamente
2026-03-15 21:55:28 | INFO     | isalab | _initialize_database:249 | Base de datos inicializada correctamente
2026-03-15 21:55:28 | INFO     | isalab | __init__:35 | DatabaseManager inicializado
2026-03-15 22:26:42 | INFO     | isalab | main:25 | Iniciando IsaLab con PySide6...
2026-03-15 22:26:42 | INFO     | isalab | main:28 | Aplicación iniciada correctamente
2026-03-15 22:26:44 | INFO     | isalab | _initialize_database:249 | Base de datos inicializada correctamente
2026-03-15 22:26:44 | INFO     | isalab | __init__:35 | DatabaseManager inicializado
2026-03-16 07:12:54 | INFO     | isalab | main:25 | Iniciando IsaLab...
2026-03-16 07:16:30 | INFO     | isalab | _initialize_database:269 | Base de datos inicializada correctamente
2026-03-16 07:16:30 | INFO     | isalab | __init__:35 | DatabaseManager inicializado
2026-03-16 07:36:32 | INFO     | isalab | main:26 | Iniciando IsaLab...
2026-03-16 07:36:32 | INFO     | isalab | _initialize_database:269 | Base de datos inicializada correctamente
2026-03-16 07:36:32 | INFO     | isalab | __init__:35 | DatabaseManager inicializado
2026-03-16 07:36:57 | INFO     | isalab | main:32 | Login cancelado
2026-03-16 07:45:37 | INFO     | isalab | main:30 | Iniciando IsaLab...
2026-03-16 07:45:37 | INFO     | isalab | _initialize_database:269 | Base de datos inicializada correctamente
2026-03-16 07:45:37 | INFO     | isalab | __init__:35 | DatabaseManager inicializado
2026-03-16 07:46:20 | INFO     | isalab | main:37 | Login cancelado
2026-03-16 09:11:17 | INFO     | isalab | main:42 | Iniciando IsaLab...
2026-03-16 09:11:17 | INFO     | isalab | _initialize_database:269 | Base de datos inicializada correctamente
2026-03-16 09:11:17 | INFO     | isalab | __init__:35 | DatabaseManager inicializado
2026-03-16 09:11:32 | INFO     | isalab | autenticar:28 | Usuario autenticado: admin
2026-03-16 09:11:32 | CRITICAL | isalab | main:57 | Error fatal: 'LabVetApp' object has no attribute 'usuario'
Traceback (most recent call last):
  File "g:\ISALAB\main.py", line 51, in main
    window = LabVetApp()
  File "g:\ISALAB\gui_pyside\app.py", line 54, in __init__
    self.usuario_label = QLabel(f"Usuario: {self.usuario}")
                                            ^^^^^^^^^^^^
AttributeError: 'LabVetApp' object has no attribute 'usuario'

2026-03-16 10:49:15 | INFO     | isalab | main:42 | Iniciando IsaLab...
2026-03-16 10:49:15 | INFO     | isalab | _initialize_database:269 | Base de datos inicializada correctamente
2026-03-16 10:49:15 | INFO     | isalab | __init__:35 | DatabaseManager inicializado
2026-03-16 10:49:24 | INFO     | isalab | autenticar:28 | Usuario autenticado: admin
2026-03-16 17:30:35 | INFO     | isalab | main:42 | Iniciando IsaLab...
2026-03-16 17:30:35 | INFO     | isalab | _initialize_database:269 | Base de datos inicializada correctamente
2026-03-16 17:30:35 | INFO     | isalab | __init__:35 | DatabaseManager inicializado
2026-03-16 17:30:46 | INFO     | isalab | autenticar:28 | Usuario autenticado: admin
2026-03-16 20:41:21 | INFO     | isalab | main:42 | Iniciando IsaLab...
2026-03-16 20:41:21 | INFO     | isalab | _initialize_database:269 | Base de datos inicializada correctamente
2026-03-16 20:41:21 | INFO     | isalab | __init__:35 | DatabaseManager inicializado
2026-03-16 20:41:37 | INFO     | isalab | autenticar:28 | Usuario autenticado: admin
2026-03-17 09:27:07 | INFO     | isalab | main:42 | Iniciando IsaLab...
2026-03-17 09:27:08 | INFO     | isalab | _initialize_database:269 | Base de datos inicializada correctamente
2026-03-17 09:27:08 | INFO     | isalab | __init__:35 | DatabaseManager inicializado
2026-03-17 09:27:15 | INFO     | isalab | autenticar:28 | Usuario autenticado: admin
2026-03-17 10:34:08 | INFO     | isalab | main:42 | Iniciando IsaLab...
2026-03-17 10:34:08 | INFO     | isalab | _initialize_database:269 | Base de datos inicializada correctamente
2026-03-17 10:34:08 | INFO     | isalab | __init__:35 | DatabaseManager inicializado
2026-03-17 10:34:15 | INFO     | isalab | autenticar:28 | Usuario autenticado: admin
2026-03-17 11:13:18 | INFO     | isalab | main:42 | Iniciando IsaLab...
2026-03-17 11:13:18 | INFO     | isalab | _initialize_database:269 | Base de datos inicializada correctamente
2026-03-17 11:13:18 | INFO     | isalab | __init__:35 | DatabaseManager inicializado
2026-03-17 11:13:25 | INFO     | isalab | autenticar:28 | Usuario autenticado: admin
2026-03-17 11:18:53 | INFO     | isalab | main:42 | Iniciando IsaLab...
2026-03-17 11:18:53 | INFO     | isalab | _initialize_database:269 | Base de datos inicializada correctamente
2026-03-17 11:18:53 | INFO     | isalab | __init__:35 | DatabaseManager inicializado
2026-03-17 11:21:23 | INFO     | isalab | autenticar:28 | Usuario autenticado: admin
2026-03-17 11:51:14 | INFO     | isalab | main:42 | Iniciando IsaLab...
2026-03-17 11:51:14 | INFO     | isalab | _initialize_database:269 | Base de datos inicializada correctamente
2026-03-17 11:51:14 | INFO     | isalab | __init__:35 | DatabaseManager inicializado
2026-03-17 11:51:23 | INFO     | isalab | autenticar:28 | Usuario autenticado: admin
2026-03-17 11:51:47 | INFO     | isalab | main:42 | Iniciando IsaLab...
2026-03-17 11:51:47 | INFO     | isalab | _initialize_database:269 | Base de datos inicializada correctamente
2026-03-17 11:51:47 | INFO     | isalab | __init__:35 | DatabaseManager inicializado
2026-03-17 11:51:54 | INFO     | isalab | autenticar:28 | Usuario autenticado: admin
2026-03-17 11:58:33 | INFO     | isalab | main:42 | Iniciando IsaLab...
2026-03-17 11:58:33 | INFO     | isalab | _initialize_database:269 | Base de datos inicializada correctamente
2026-03-17 11:58:33 | INFO     | isalab | __init__:35 | DatabaseManager inicializado
2026-03-17 11:58:47 | INFO     | isalab | autenticar:28 | Usuario autenticado: admin
2026-03-17 12:15:38 | INFO     | isalab | main:42 | Iniciando IsaLab...
2026-03-17 12:15:38 | INFO     | isalab | _initialize_database:269 | Base de datos inicializada correctamente
2026-03-17 12:15:38 | INFO     | isalab | __init__:35 | DatabaseManager inicializado
2026-03-17 12:15:45 | INFO     | isalab | autenticar:28 | Usuario autenticado: admin
2026-03-17 12:40:18 | INFO     | isalab | main:42 | Iniciando IsaLab...
2026-03-17 12:40:18 | INFO     | isalab | _initialize_database:269 | Base de datos inicializada correctamente
2026-03-17 12:40:18 | INFO     | isalab | __init__:35 | DatabaseManager inicializado
2026-03-17 12:40:26 | INFO     | isalab | autenticar:28 | Usuario autenticado: admin
2026-03-17 12:40:45 | ERROR    | isalab | wrapper:23 | Error en UI: UsuariosView._cargar_datos() takes 1 positional argument but 2 were given
Traceback (most recent call last):
  File "g:\ISALAB\gui_pyside\components.py", line 19, in wrapper
    return func(*args, **kwargs)
TypeError: UsuariosView._cargar_datos() takes 1 positional argument but 2 were given
2026-03-17 12:55:12 | INFO     | isalab | main:42 | Iniciando IsaLab...
2026-03-17 12:55:12 | INFO     | isalab | _initialize_database:269 | Base de datos inicializada correctamente
2026-03-17 12:55:12 | INFO     | isalab | __init__:35 | DatabaseManager inicializado
2026-03-17 12:55:22 | INFO     | isalab | autenticar:28 | Usuario autenticado: admin
2026-03-17 16:25:01 | INFO     | isalab | main:42 | Iniciando IsaLab...
2026-03-17 16:25:01 | INFO     | isalab | _initialize_database:269 | Base de datos inicializada correctamente
2026-03-17 16:25:01 | INFO     | isalab | __init__:35 | DatabaseManager inicializado
2026-03-17 16:25:11 | INFO     | isalab | autenticar:28 | Usuario autenticado: admin
2026-03-17 16:33:13 | INFO     | isalab | main:42 | Iniciando IsaLab...
2026-03-17 16:33:13 | INFO     | isalab | _initialize_database:269 | Base de datos inicializada correctamente
2026-03-17 16:33:13 | INFO     | isalab | __init__:35 | DatabaseManager inicializado
2026-03-17 16:33:21 | INFO     | isalab | autenticar:28 | Usuario autenticado: admin
2026-03-17 16:37:13 | INFO     | isalab | main:42 | Iniciando IsaLab...
2026-03-17 16:37:13 | INFO     | isalab | _initialize_database:269 | Base de datos inicializada correctamente
2026-03-17 16:37:13 | INFO     | isalab | __init__:35 | DatabaseManager inicializado
2026-03-17 16:37:19 | INFO     | isalab | autenticar:28 | Usuario autenticado: admin
2026-03-17 16:45:46 | INFO     | isalab | main:42 | Iniciando IsaLab...
2026-03-17 16:45:46 | INFO     | isalab | _initialize_database:269 | Base de datos inicializada correctamente
2026-03-17 16:45:46 | INFO     | isalab | __init__:35 | DatabaseManager inicializado
2026-03-17 16:45:52 | INFO     | isalab | autenticar:28 | Usuario autenticado: admin
2026-03-17 16:54:10 | INFO     | isalab | main:42 | Iniciando IsaLab...
2026-03-17 16:54:10 | INFO     | isalab | _initialize_database:269 | Base de datos inicializada correctamente
2026-03-17 16:54:10 | INFO     | isalab | __init__:35 | DatabaseManager inicializado
2026-03-17 16:54:18 | INFO     | isalab | autenticar:28 | Usuario autenticado: admin
2026-03-17 16:57:22 | INFO     | isalab | main:42 | Iniciando IsaLab...
2026-03-17 16:57:22 | INFO     | isalab | _initialize_database:269 | Base de datos inicializada correctamente
2026-03-17 16:57:22 | INFO     | isalab | __init__:35 | DatabaseManager inicializado
2026-03-17 16:57:29 | INFO     | isalab | autenticar:28 | Usuario autenticado: admin
2026-03-17 16:58:26 | INFO     | isalab | main:42 | Iniciando IsaLab...
2026-03-17 16:58:26 | INFO     | isalab | _initialize_database:269 | Base de datos inicializada correctamente
2026-03-17 16:58:26 | INFO     | isalab | __init__:35 | DatabaseManager inicializado
2026-03-17 16:58:32 | INFO     | isalab | autenticar:28 | Usuario autenticado: admin
2026-03-17 17:06:23 | INFO     | isalab | main:42 | Iniciando IsaLab...
2026-03-17 17:06:23 | INFO     | isalab | _initialize_database:269 | Base de datos inicializada correctamente
2026-03-17 17:06:23 | INFO     | isalab | __init__:35 | DatabaseManager inicializado
2026-03-17 17:06:30 | INFO     | isalab | autenticar:28 | Usuario autenticado: admin
2026-03-17 18:49:38 | INFO     | isalab | main:42 | Iniciando IsaLab...
2026-03-17 18:49:38 | INFO     | isalab | _initialize_database:269 | Base de datos inicializada correctamente
2026-03-17 18:49:38 | INFO     | isalab | __init__:35 | DatabaseManager inicializado
2026-03-17 18:49:47 | INFO     | isalab | autenticar:28 | Usuario autenticado: admin
2026-03-17 18:50:59 | INFO     | isalab | main:42 | Iniciando IsaLab...
2026-03-17 18:50:59 | INFO     | isalab | _initialize_database:269 | Base de datos inicializada correctamente
2026-03-17 18:50:59 | INFO     | isalab | __init__:35 | DatabaseManager inicializado
2026-03-17 18:51:06 | INFO     | isalab | autenticar:28 | Usuario autenticado: admin
2026-03-17 19:13:32 | INFO     | isalab | main:42 | Iniciando IsaLab...
2026-03-17 19:13:32 | INFO     | isalab | _initialize_database:269 | Base de datos inicializada correctamente
2026-03-17 19:13:32 | INFO     | isalab | __init__:35 | DatabaseManager inicializado
2026-03-17 19:15:14 | INFO     | isalab | autenticar:28 | Usuario autenticado: admin
2026-03-17 20:04:17 | INFO     | isalab | main:42 | Iniciando IsaLab...
2026-03-17 20:04:17 | INFO     | isalab | _initialize_database:269 | Base de datos inicializada correctamente
2026-03-17 20:04:17 | INFO     | isalab | __init__:35 | DatabaseManager inicializado
2026-03-17 20:04:32 | INFO     | isalab | autenticar:28 | Usuario autenticado: admin
2026-03-17 20:42:21 | INFO     | isalab | main:42 | Iniciando IsaLab...
2026-03-17 20:42:21 | INFO     | isalab | _initialize_database:269 | Base de datos inicializada correctamente
2026-03-17 20:42:21 | INFO     | isalab | __init__:35 | DatabaseManager inicializado
2026-03-17 20:42:56 | INFO     | isalab | autenticar:28 | Usuario autenticado: admin
2026-03-17 22:33:57 | INFO     | isalab | main:42 | Iniciando IsaLab...
2026-03-17 22:33:57 | INFO     | isalab | _initialize_database:269 | Base de datos inicializada correctamente
2026-03-17 22:33:57 | INFO     | isalab | __init__:35 | DatabaseManager inicializado
2026-03-17 22:34:06 | INFO     | isalab | autenticar:28 | Usuario autenticado: admin
2026-03-17 22:39:41 | INFO     | isalab | main:42 | Iniciando IsaLab...
2026-03-17 22:39:41 | INFO     | isalab | _initialize_database:269 | Base de datos inicializada correctamente
2026-03-17 22:39:41 | INFO     | isalab | __init__:35 | DatabaseManager inicializado
2026-03-17 22:39:48 | INFO     | isalab | autenticar:28 | Usuario autenticado: admin
2026-03-17 22:43:03 | INFO     | isalab | actualizar_estado:61 | Estado de muestra 1 actualizado a Completado
2026-03-17 22:44:11 | INFO     | isalab | main:42 | Iniciando IsaLab...
2026-03-17 22:44:11 | INFO     | isalab | _initialize_database:269 | Base de datos inicializada correctamente
2026-03-17 22:44:11 | INFO     | isalab | __init__:35 | DatabaseManager inicializado
2026-03-17 22:44:20 | INFO     | isalab | autenticar:28 | Usuario autenticado: admin
2026-03-17 22:52:51 | INFO     | isalab | main:42 | Iniciando IsaLab...
2026-03-17 22:52:51 | INFO     | isalab | _initialize_database:269 | Base de datos inicializada correctamente
2026-03-17 22:52:51 | INFO     | isalab | __init__:35 | DatabaseManager inicializado
2026-03-17 22:53:16 | INFO     | isalab | autenticar:28 | Usuario autenticado: admin
2026-03-17 22:53:50 | INFO     | isalab | actualizar_estado:61 | Estado de muestra 1 actualizado a Completado
2026-03-17 22:53:50 | ERROR    | isalab | wrapper:23 | Error en UI: 'PDFService' object has no attribute 'generar_reporte_muestra'
Traceback (most recent call last):
  File "g:\ISALAB\gui_pyside\components.py", line 19, in wrapper
    return func(*args, **kwargs)
  File "g:\ISALAB\gui_pyside\dialogs\muestra_dialog.py", line 248, in _imprimir_pdf
    ruta_pdf = pdf_service.generar_reporte_muestra(muestra_actualizada)
               ^^^^^^^^^^^^^^^^^^^^^^^^^^^^^^^^^^^
AttributeError: 'PDFService' object has no attribute 'generar_reporte_muestra'
2026-03-17 23:28:07 | INFO     | isalab | main:42 | Iniciando IsaLab...
2026-03-17 23:28:07 | INFO     | isalab | _initialize_database:269 | Base de datos inicializada correctamente
2026-03-17 23:28:07 | INFO     | isalab | __init__:35 | DatabaseManager inicializado
2026-03-17 23:28:17 | INFO     | isalab | autenticar:28 | Usuario autenticado: admin
2026-03-17 23:34:40 | INFO     | isalab | main:42 | Iniciando IsaLab...
2026-03-17 23:34:40 | INFO     | isalab | _initialize_database:269 | Base de datos inicializada correctamente
2026-03-17 23:34:40 | INFO     | isalab | __init__:35 | DatabaseManager inicializado
2026-03-17 23:34:55 | WARNING  | isalab | autenticar:25 | Intento de login fallido para usuario: adnin
2026-03-17 23:34:55 | WARNING  | isalab | autenticar:25 | Intento de login fallido para usuario: adnin
2026-03-17 23:35:10 | WARNING  | isalab | autenticar:25 | Intento de login fallido para usuario: adnin
2026-03-17 23:35:10 | WARNING  | isalab | autenticar:25 | Intento de login fallido para usuario: adnin
2026-03-17 23:35:24 | INFO     | isalab | autenticar:28 | Usuario autenticado: admin
2026-03-17 23:43:42 | INFO     | isalab | main:42 | Iniciando IsaLab...
2026-03-17 23:43:42 | INFO     | isalab | _initialize_database:269 | Base de datos inicializada correctamente
2026-03-17 23:43:42 | INFO     | isalab | __init__:35 | DatabaseManager inicializado
2026-03-17 23:43:58 | INFO     | isalab | autenticar:28 | Usuario autenticado: admin
2026-03-17 23:47:34 | INFO     | isalab | actualizar_estado:61 | Estado de muestra 1 actualizado a Completado
2026-03-18 00:07:54 | INFO     | isalab | main:42 | Iniciando IsaLab...
2026-03-18 00:07:54 | INFO     | isalab | _initialize_database:269 | Base de datos inicializada correctamente
2026-03-18 00:07:54 | INFO     | isalab | __init__:35 | DatabaseManager inicializado
2026-03-18 00:08:05 | INFO     | isalab | autenticar:28 | Usuario autenticado: admin
2026-03-18 00:09:37 | INFO     | isalab | actualizar_estado:61 | Estado de muestra 1 actualizado a Completado
2026-03-18 00:10:59 | INFO     | isalab | main:42 | Iniciando IsaLab...
2026-03-18 00:10:59 | INFO     | isalab | _initialize_database:269 | Base de datos inicializada correctamente
2026-03-18 00:10:59 | INFO     | isalab | __init__:35 | DatabaseManager inicializado
2026-03-18 00:11:12 | INFO     | isalab | autenticar:28 | Usuario autenticado: admin
2026-03-18 00:13:52 | INFO     | isalab | main:42 | Iniciando IsaLab...
2026-03-18 00:13:52 | INFO     | isalab | _initialize_database:269 | Base de datos inicializada correctamente
2026-03-18 00:13:52 | INFO     | isalab | __init__:35 | DatabaseManager inicializado
2026-03-18 00:14:05 | INFO     | isalab | main:47 | Login cancelado
2026-03-18 00:14:14 | INFO     | isalab | main:42 | Iniciando IsaLab...
2026-03-18 00:14:14 | INFO     | isalab | _initialize_database:269 | Base de datos inicializada correctamente
2026-03-18 00:14:14 | INFO     | isalab | __init__:35 | DatabaseManager inicializado
2026-03-18 00:14:27 | INFO     | isalab | autenticar:28 | Usuario autenticado: admin
2026-03-18 00:14:43 | INFO     | isalab | actualizar_estado:61 | Estado de muestra 1 actualizado a Completado
2026-03-18 00:23:38 | INFO     | isalab | main:42 | Iniciando IsaLab...
2026-03-18 00:23:38 | INFO     | isalab | _initialize_database:269 | Base de datos inicializada correctamente
2026-03-18 00:23:38 | INFO     | isalab | __init__:35 | DatabaseManager inicializado
2026-03-18 00:24:02 | INFO     | isalab | autenticar:28 | Usuario autenticado: admin
2026-03-18 00:24:17 | ERROR    | isalab | wrapper:23 | Error en UI: HRFlowable.__init__() got an unexpected keyword argument 'align'. Did you mean 'hAlign'?
Traceback (most recent call last):
  File "g:\ISALAB\gui_pyside\components.py", line 19, in wrapper
    return func(*args, **kwargs)
  File "g:\ISALAB\gui_pyside\dialogs\muestra_dialog.py", line 339, in _imprimir_pdf
    ruta_pdf = pdf_service.generar_reporte_muestra(muestra)
  File "g:\ISALAB\services\pdf_service.py", line 246, in generar_reporte_muestra
    self._build(
    ~~~~~~~~~~~^
        path=path,
        ^^^^^^^^^^
    ...<5 lines>...
        cargo="Analista Responsable",
        ^^^^^^^^^^^^^^^^^^^^^^^^^^^^^
    )
    ^
  File "g:\ISALAB\services\pdf_service.py", line 285, in _build
    content += self._firma_block(firmante, cargo)
               ~~~~~~~~~~~~~~~~~^^^^^^^^^^^^^^^^^
  File "g:\ISALAB\services\pdf_service.py", line 378, in _firma_block
    firma_line = HRFlowable(
        width=self.INNER_W * 0.4,
    ...<3 lines>...
        align='center'
    )
TypeError: HRFlowable.__init__() got an unexpected keyword argument 'align'. Did you mean 'hAlign'?
2026-03-18 00:27:55 | INFO     | isalab | main:42 | Iniciando IsaLab...
2026-03-18 00:27:55 | INFO     | isalab | _initialize_database:269 | Base de datos inicializada correctamente
2026-03-18 00:27:55 | INFO     | isalab | __init__:35 | DatabaseManager inicializado
2026-03-18 00:28:08 | INFO     | isalab | autenticar:28 | Usuario autenticado: admin
2026-03-18 00:28:21 | ERROR    | isalab | wrapper:23 | Error en UI: HRFlowable.__init__() got an unexpected keyword argument 'align'. Did you mean 'hAlign'?
Traceback (most recent call last):
  File "g:\ISALAB\gui_pyside\components.py", line 19, in wrapper
    return func(*args, **kwargs)
  File "g:\ISALAB\gui_pyside\dialogs\muestra_dialog.py", line 339, in _imprimir_pdf
    ruta_pdf = pdf_service.generar_reporte_muestra(muestra)
  File "g:\ISALAB\services\pdf_service.py", line 246, in generar_reporte_muestra
    self._build(
    ~~~~~~~~~~~^
        path=path,
        ^^^^^^^^^^
    ...<5 lines>...
        cargo="Analista Responsable",
        ^^^^^^^^^^^^^^^^^^^^^^^^^^^^^
    )
    ^
  File "g:\ISALAB\services\pdf_service.py", line 285, in _build
    content += self._firma_block(firmante, cargo)
               ~~~~~~~~~~~~~~~~~^^^^^^^^^^^^^^^^^
  File "g:\ISALAB\services\pdf_service.py", line 378, in _firma_block
    firma_line = HRFlowable(
        width=self.INNER_W * 0.4,
    ...<3 lines>...
        align='center'
    )
TypeError: HRFlowable.__init__() got an unexpected keyword argument 'align'. Did you mean 'hAlign'?
2026-03-18 00:29:27 | INFO     | isalab | main:42 | Iniciando IsaLab...
2026-03-18 00:29:27 | INFO     | isalab | _initialize_database:269 | Base de datos inicializada correctamente
2026-03-18 00:29:27 | INFO     | isalab | __init__:35 | DatabaseManager inicializado
2026-03-18 00:29:39 | INFO     | isalab | autenticar:28 | Usuario autenticado: admin
2026-03-18 09:45:53 | INFO     | isalab | main:42 | Iniciando IsaLab...
2026-03-18 09:45:54 | INFO     | isalab | _initialize_database:269 | Base de datos inicializada correctamente
2026-03-18 09:45:54 | INFO     | isalab | __init__:35 | DatabaseManager inicializado
2026-03-18 09:46:04 | INFO     | isalab | main:47 | Login cancelado
2026-03-18 09:46:11 | INFO     | isalab | main:42 | Iniciando IsaLab...
2026-03-18 09:46:11 | INFO     | isalab | _initialize_database:269 | Base de datos inicializada correctamente
2026-03-18 09:46:11 | INFO     | isalab | __init__:35 | DatabaseManager inicializado
2026-03-18 09:46:18 | INFO     | isalab | autenticar:28 | Usuario autenticado: admin
2026-03-18 11:15:11 | INFO     | isalab | main:42 | Iniciando IsaLab...
2026-03-18 11:15:11 | INFO     | isalab | _initialize_database:269 | Base de datos inicializada correctamente
2026-03-18 11:15:11 | INFO     | isalab | __init__:35 | DatabaseManager inicializado
2026-03-18 11:15:25 | INFO     | isalab | autenticar:28 | Usuario autenticado: admin
2026-03-18 11:39:57 | INFO     | isalab | main:42 | Iniciando IsaLab...
2026-03-18 11:39:58 | INFO     | isalab | _initialize_database:269 | Base de datos inicializada correctamente
2026-03-18 11:39:58 | INFO     | isalab | __init__:35 | DatabaseManager inicializado
2026-03-18 11:40:04 | INFO     | isalab | autenticar:28 | Usuario autenticado: admin
2026-03-18 12:47:46 | INFO     | isalab | main:42 | Iniciando IsaLab...
2026-03-18 12:47:46 | INFO     | isalab | _initialize_database:269 | Base de datos inicializada correctamente
2026-03-18 12:47:46 | INFO     | isalab | __init__:35 | DatabaseManager inicializado
2026-03-18 12:47:55 | INFO     | isalab | autenticar:28 | Usuario autenticado: admin
2026-03-18 14:12:02 | INFO     | isalab | main:47 | Iniciando IsaLab...
2026-03-18 14:12:02 | INFO     | isalab | _initialize_database:269 | Base de datos inicializada correctamente
2026-03-18 14:12:02 | INFO     | isalab | __init__:35 | DatabaseManager inicializado
2026-03-18 14:12:06 | INFO     | isalab | main:52 | Login cancelado
2026-03-18 18:06:00 | INFO     | isalab | cargar_icono_aplicacion:37 | ✓ Icono cargado exitosamente: assets\isalab-icon.png
2026-03-18 18:06:03 | INFO     | isalab | main:81 | Iniciando IsaLab...
2026-03-18 18:06:03 | INFO     | isalab | _initialize_database:269 | Base de datos inicializada correctamente
2026-03-18 18:06:03 | INFO     | isalab | __init__:35 | DatabaseManager inicializado
2026-03-18 18:06:22 | INFO     | isalab | main:87 | Login cancelado
2026-03-18 19:07:45 | INFO     | isalab | main:60 | Iniciando aplicación...
2026-03-18 19:07:45 | INFO     | isalab | _initialize_database:269 | Base de datos inicializada correctamente
2026-03-18 19:07:45 | INFO     | isalab | __init__:35 | DatabaseManager inicializado
2026-03-18 19:07:49 | INFO     | isalab | main:66 | Login cancelado
2026-03-18 19:14:07 | INFO     | isalab | main:60 | Iniciando aplicación...
2026-03-18 19:14:07 | INFO     | isalab | _initialize_database:269 | Base de datos inicializada correctamente
2026-03-18 19:14:07 | INFO     | isalab | __init__:35 | DatabaseManager inicializado
2026-03-18 19:14:11 | INFO     | isalab | main:66 | Login cancelado
2026-03-18 21:20:32 | INFO     | isalab | main:61 | Iniciando aplicación...
2026-03-18 21:20:32 | INFO     | isalab | _initialize_database:269 | Base de datos inicializada correctamente
2026-03-18 21:20:32 | INFO     | isalab | __init__:35 | DatabaseManager inicializado
2026-03-18 21:20:47 | INFO     | isalab | autenticar:28 | Usuario autenticado: admin
2026-03-18 21:25:40 | INFO     | isalab | main:61 | Iniciando aplicación...
2026-03-18 21:25:40 | INFO     | isalab | _initialize_database:269 | Base de datos inicializada correctamente
2026-03-18 21:25:40 | INFO     | isalab | __init__:35 | DatabaseManager inicializado
2026-03-18 21:25:52 | INFO     | isalab | main:67 | Login cancelado
2026-03-18 22:47:38 | INFO     | isalab | main:61 | Iniciando aplicación...
2026-03-18 22:47:38 | INFO     | isalab | _initialize_database:269 | Base de datos inicializada correctamente
2026-03-18 22:47:38 | INFO     | isalab | __init__:35 | DatabaseManager inicializado
2026-03-18 22:47:55 | INFO     | isalab | autenticar:28 | Usuario autenticado: admin
2026-03-18 22:58:24 | INFO     | isalab | main:61 | Iniciando aplicación...
2026-03-18 22:58:24 | INFO     | isalab | _initialize_database:269 | Base de datos inicializada correctamente
2026-03-18 22:58:24 | INFO     | isalab | __init__:35 | DatabaseManager inicializado
2026-03-18 22:58:33 | INFO     | isalab | autenticar:28 | Usuario autenticado: admin
2026-03-18 23:06:33 | INFO     | isalab | main:61 | Iniciando aplicación...
2026-03-18 23:06:33 | INFO     | isalab | _initialize_database:269 | Base de datos inicializada correctamente
2026-03-18 23:06:33 | INFO     | isalab | __init__:35 | DatabaseManager inicializado
2026-03-18 23:06:48 | INFO     | isalab | autenticar:28 | Usuario autenticado: admin
2026-03-18 23:08:21 | INFO     | isalab | main:61 | Iniciando aplicación...
2026-03-18 23:08:21 | INFO     | isalab | _initialize_database:269 | Base de datos inicializada correctamente
2026-03-18 23:08:21 | INFO     | isalab | __init__:35 | DatabaseManager inicializado
2026-03-18 23:08:31 | INFO     | isalab | autenticar:28 | Usuario autenticado: admin
2026-03-24 09:37:42 | INFO     | isalab | main:61 | Iniciando aplicación...
2026-03-24 09:37:42 | INFO     | isalab | _initialize_database:269 | Base de datos inicializada correctamente
2026-03-24 09:37:42 | INFO     | isalab | __init__:35 | DatabaseManager inicializado
2026-03-24 09:37:52 | INFO     | isalab | autenticar:28 | Usuario autenticado: admin
2026-03-30 23:11:49 | INFO     | isalab | main:61 | Iniciando aplicación...
2026-03-30 23:11:49 | INFO     | isalab | _initialize_database:269 | Base de datos inicializada correctamente
2026-03-30 23:11:49 | INFO     | isalab | __init__:35 | DatabaseManager inicializado
2026-03-30 23:11:57 | INFO     | isalab | autenticar:28 | Usuario autenticado: admin
2026-03-30 23:15:47 | INFO     | isalab | main:61 | Iniciando aplicación...
2026-03-30 23:15:47 | INFO     | isalab | _initialize_database:269 | Base de datos inicializada correctamente
2026-03-30 23:15:47 | INFO     | isalab | __init__:35 | DatabaseManager inicializado
2026-03-30 23:15:54 | INFO     | isalab | autenticar:28 | Usuario autenticado: admin
2026-03-31 09:46:50 | INFO     | isalab | main:61 | Iniciando aplicación...
2026-03-31 09:46:50 | INFO     | isalab | _initialize_database:269 | Base de datos inicializada correctamente
2026-03-31 09:46:50 | INFO     | isalab | __init__:35 | DatabaseManager inicializado
2026-03-31 09:46:57 | INFO     | isalab | autenticar:28 | Usuario autenticado: admin
2026-03-31 17:28:05 | INFO     | isalab | main:61 | Iniciando aplicación...
2026-03-31 17:28:05 | INFO     | isalab | _initialize_database:269 | Base de datos inicializada correctamente
2026-03-31 17:28:05 | INFO     | isalab | __init__:35 | DatabaseManager inicializado
2026-03-31 17:28:15 | INFO     | isalab | autenticar:28 | Usuario autenticado: admin
2026-03-31 18:14:40 | INFO     | isalab | main:61 | Iniciando aplicación...
2026-03-31 18:14:40 | CRITICAL | isalab | main:79 | Error fatal: 'login'
Traceback (most recent call last):
  File "G:\ISALAB\main.py", line 64, in main
    login_dialog = LoginDialog()
  File "G:\ISALAB\gui_pyside\dialogs\login_dialog.py", line 17, in __init__
    self.setWindowTitle(f"{ICONS['login']} Iniciar Sesión - IsaLab")
                           ~~~~~^^^^^^^^^
KeyError: 'login'

2026-03-31 18:17:47 | INFO     | isalab | main:61 | Iniciando aplicación...
2026-03-31 18:17:47 | INFO     | isalab | _initialize_database:269 | Base de datos inicializada correctamente
2026-03-31 18:17:47 | INFO     | isalab | __init__:35 | DatabaseManager inicializado
2026-03-31 18:17:47 | CRITICAL | isalab | main:79 | Error fatal: name 'login_icon' is not defined
Traceback (most recent call last):
  File "G:\ISALAB\main.py", line 64, in main
    login_dialog = LoginDialog()
  File "G:\ISALAB\gui_pyside\dialogs\login_dialog.py", line 40, in __init__
    self._build_ui()
    ~~~~~~~~~~~~~~^^
  File "G:\ISALAB\gui_pyside\dialogs\login_dialog.py", line 117, in _build_ui
    self.btn_login = QPushButton(f"{login_icon} Ingresar al Sistema".strip())
                                    ^^^^^^^^^^
NameError: name 'login_icon' is not defined

2026-03-31 18:24:54 | INFO     | isalab | main:61 | Iniciando aplicación...
2026-03-31 18:24:54 | INFO     | isalab | _initialize_database:269 | Base de datos inicializada correctamente
2026-03-31 18:24:54 | INFO     | isalab | __init__:35 | DatabaseManager inicializado
2026-03-31 18:28:14 | INFO     | isalab | main:67 | Login cancelado
2026-03-31 18:28:44 | INFO     | isalab | main:61 | Iniciando aplicación...
2026-03-31 18:28:44 | INFO     | isalab | _initialize_database:269 | Base de datos inicializada correctamente
2026-03-31 18:28:44 | INFO     | isalab | __init__:35 | DatabaseManager inicializado
2026-03-31 18:31:15 | INFO     | isalab | main:67 | Login cancelado
2026-03-31 18:32:51 | INFO     | isalab | main:61 | Iniciando aplicación...
2026-03-31 18:32:51 | INFO     | isalab | _initialize_database:269 | Base de datos inicializada correctamente
2026-03-31 18:32:51 | INFO     | isalab | __init__:35 | DatabaseManager inicializado
2026-03-31 18:41:21 | INFO     | isalab | main:67 | Login cancelado
2026-03-31 18:44:22 | INFO     | isalab | main:61 | Iniciando aplicación...
2026-03-31 18:44:22 | INFO     | isalab | _initialize_database:269 | Base de datos inicializada correctamente
2026-03-31 18:44:22 | INFO     | isalab | __init__:35 | DatabaseManager inicializado
2026-03-31 18:44:22 | CRITICAL | isalab | main:79 | Error fatal: name 'QLineEdit' is not defined
Traceback (most recent call last):
  File "G:\ISALAB\main.py", line 64, in main
    login_dialog = LoginDialog()
  File "G:\ISALAB\gui_pyside\dialogs\login_dialog.py", line 40, in __init__
    self._build_ui()
    ~~~~~~~~~~~~~~^^
  File "G:\ISALAB\gui_pyside\dialogs\login_dialog.py", line 120, in _build_ui
    self.password_field.input.setEchoMode(QLineEdit.Password)
                                          ^^^^^^^^^
NameError: name 'QLineEdit' is not defined

2026-03-31 18:47:51 | INFO     | isalab | main:61 | Iniciando aplicación...
2026-03-31 18:47:51 | INFO     | isalab | _initialize_database:269 | Base de datos inicializada correctamente
2026-03-31 18:47:51 | INFO     | isalab | __init__:35 | DatabaseManager inicializado
2026-03-31 18:53:32 | INFO     | isalab | main:67 | Login cancelado
2026-03-31 18:58:33 | INFO     | isalab | main:61 | Iniciando aplicación...
2026-03-31 18:58:33 | INFO     | isalab | _initialize_database:269 | Base de datos inicializada correctamente
2026-03-31 18:58:33 | INFO     | isalab | __init__:35 | DatabaseManager inicializado
2026-03-31 18:58:39 | INFO     | isalab | main:67 | Login cancelado
2026-03-31 18:59:52 | INFO     | isalab | main:61 | Iniciando aplicación...
2026-03-31 18:59:52 | INFO     | isalab | _initialize_database:269 | Base de datos inicializada correctamente
2026-03-31 18:59:52 | INFO     | isalab | __init__:35 | DatabaseManager inicializado
2026-03-31 19:00:01 | INFO     | isalab | main:67 | Login cancelado
2026-03-31 19:06:49 | INFO     | isalab | main:61 | Iniciando aplicación...
2026-03-31 19:06:49 | INFO     | isalab | _initialize_database:269 | Base de datos inicializada correctamente
2026-03-31 19:06:49 | INFO     | isalab | __init__:35 | DatabaseManager inicializado
2026-03-31 19:07:03 | INFO     | isalab | autenticar:28 | Usuario autenticado: admin
2026-03-31 19:11:00 | INFO     | isalab | main:61 | Iniciando aplicación...
2026-03-31 19:11:00 | INFO     | isalab | _initialize_database:269 | Base de datos inicializada correctamente
2026-03-31 19:11:00 | INFO     | isalab | __init__:35 | DatabaseManager inicializado
2026-03-31 19:11:35 | INFO     | isalab | autenticar:28 | Usuario autenticado: admin
2026-03-31 19:13:38 | INFO     | isalab | main:61 | Iniciando aplicación...
2026-03-31 19:13:38 | INFO     | isalab | _initialize_database:269 | Base de datos inicializada correctamente
2026-03-31 19:13:38 | INFO     | isalab | __init__:35 | DatabaseManager inicializado
2026-03-31 19:13:48 | INFO     | isalab | autenticar:28 | Usuario autenticado: admin
2026-03-31 19:22:04 | INFO     | isalab | main:61 | Iniciando aplicación...
2026-03-31 19:22:04 | INFO     | isalab | _initialize_database:269 | Base de datos inicializada correctamente
2026-03-31 19:22:04 | INFO     | isalab | __init__:35 | DatabaseManager inicializado
2026-03-31 19:22:13 | INFO     | isalab | autenticar:28 | Usuario autenticado: admin
2026-03-31 19:35:53 | INFO     | isalab | main:61 | Iniciando aplicación...
2026-03-31 19:35:53 | INFO     | isalab | _initialize_database:269 | Base de datos inicializada correctamente
2026-03-31 19:35:53 | INFO     | isalab | __init__:35 | DatabaseManager inicializado
2026-03-31 19:36:04 | INFO     | isalab | autenticar:28 | Usuario autenticado: admin
2026-03-31 20:04:50 | INFO     | isalab | main:61 | Iniciando aplicación...
2026-03-31 20:04:50 | INFO     | isalab | _initialize_database:269 | Base de datos inicializada correctamente
2026-03-31 20:04:50 | INFO     | isalab | __init__:35 | DatabaseManager inicializado
2026-03-31 20:05:02 | INFO     | isalab | autenticar:28 | Usuario autenticado: admin
2026-03-31 20:30:08 | INFO     | isalab | main:61 | Iniciando aplicación...
2026-03-31 20:30:08 | INFO     | isalab | _initialize_database:269 | Base de datos inicializada correctamente
2026-03-31 20:30:08 | INFO     | isalab | __init__:35 | DatabaseManager inicializado
2026-03-31 20:30:41 | INFO     | isalab | autenticar:28 | Usuario autenticado: admin
2026-03-31 20:32:59 | INFO     | isalab | main:61 | Iniciando aplicación...
2026-03-31 20:32:59 | INFO     | isalab | _initialize_database:269 | Base de datos inicializada correctamente
2026-03-31 20:32:59 | INFO     | isalab | __init__:35 | DatabaseManager inicializado
2026-03-31 20:33:08 | INFO     | isalab | autenticar:28 | Usuario autenticado: admin
2026-03-31 20:38:08 | INFO     | isalab | main:61 | Iniciando aplicación...
2026-03-31 20:38:08 | INFO     | isalab | _initialize_database:269 | Base de datos inicializada correctamente
2026-03-31 20:38:08 | INFO     | isalab | __init__:35 | DatabaseManager inicializado
2026-03-31 20:38:23 | INFO     | isalab | autenticar:28 | Usuario autenticado: admin
2026-03-31 21:06:15 | INFO     | isalab | main:61 | Iniciando aplicación...
2026-03-31 21:06:15 | INFO     | isalab | _initialize_database:269 | Base de datos inicializada correctamente
2026-03-31 21:06:15 | INFO     | isalab | __init__:35 | DatabaseManager inicializado
2026-03-31 21:06:23 | INFO     | isalab | autenticar:28 | Usuario autenticado: admin
2026-03-31 21:08:27 | INFO     | isalab | main:61 | Iniciando aplicación...
2026-03-31 21:08:27 | INFO     | isalab | _initialize_database:269 | Base de datos inicializada correctamente
2026-03-31 21:08:27 | INFO     | isalab | __init__:35 | DatabaseManager inicializado
2026-03-31 21:08:35 | INFO     | isalab | autenticar:28 | Usuario autenticado: admin
2026-03-31 21:15:58 | INFO     | isalab | main:61 | Iniciando aplicación...
2026-03-31 21:15:58 | INFO     | isalab | _initialize_database:269 | Base de datos inicializada correctamente
2026-03-31 21:15:58 | INFO     | isalab | __init__:35 | DatabaseManager inicializado
2026-03-31 21:16:08 | INFO     | isalab | autenticar:28 | Usuario autenticado: admin
2026-03-31 21:30:17 | INFO     | isalab | main:61 | Iniciando aplicación...
2026-03-31 21:30:17 | INFO     | isalab | _initialize_database:269 | Base de datos inicializada correctamente
2026-03-31 21:30:17 | INFO     | isalab | __init__:35 | DatabaseManager inicializado
2026-03-31 21:30:27 | INFO     | isalab | autenticar:28 | Usuario autenticado: admin
2026-03-31 21:40:02 | INFO     | isalab | main:61 | Iniciando aplicación...
2026-03-31 21:40:02 | INFO     | isalab | _initialize_database:269 | Base de datos inicializada correctamente
2026-03-31 21:40:02 | INFO     | isalab | __init__:35 | DatabaseManager inicializado
2026-03-31 21:40:12 | INFO     | isalab | autenticar:28 | Usuario autenticado: admin
2026-03-31 21:56:58 | INFO     | isalab | main:61 | Iniciando aplicación...
2026-03-31 21:56:58 | INFO     | isalab | _initialize_database:269 | Base de datos inicializada correctamente
2026-03-31 21:56:58 | INFO     | isalab | __init__:35 | DatabaseManager inicializado
2026-03-31 21:57:05 | INFO     | isalab | autenticar:28 | Usuario autenticado: admin
2026-03-31 22:19:11 | INFO     | isalab | main:61 | Iniciando aplicación...
2026-03-31 22:19:11 | INFO     | isalab | _initialize_database:269 | Base de datos inicializada correctamente
2026-03-31 22:19:11 | INFO     | isalab | __init__:35 | DatabaseManager inicializado
2026-03-31 22:19:20 | INFO     | isalab | autenticar:28 | Usuario autenticado: admin
2026-04-01 07:35:43 | INFO     | isalab | main:61 | Iniciando aplicación...
2026-04-01 07:35:43 | INFO     | isalab | _initialize_database:269 | Base de datos inicializada correctamente
2026-04-01 07:35:43 | INFO     | isalab | __init__:35 | DatabaseManager inicializado
2026-04-01 07:35:52 | INFO     | isalab | autenticar:28 | Usuario autenticado: admin
2026-04-01 07:52:34 | INFO     | isalab | main:61 | Iniciando aplicación...
2026-04-01 07:52:34 | INFO     | isalab | _initialize_database:269 | Base de datos inicializada correctamente
2026-04-01 07:52:34 | INFO     | isalab | __init__:35 | DatabaseManager inicializado
2026-04-01 07:52:42 | INFO     | isalab | autenticar:28 | Usuario autenticado: admin
2026-04-01 07:55:03 | INFO     | isalab | main:61 | Iniciando aplicación...
2026-04-01 07:55:03 | INFO     | isalab | _initialize_database:269 | Base de datos inicializada correctamente
2026-04-01 07:55:03 | INFO     | isalab | __init__:35 | DatabaseManager inicializado
2026-04-01 07:55:11 | INFO     | isalab | autenticar:28 | Usuario autenticado: admin
2026-04-01 08:02:28 | INFO     | isalab | main:61 | Iniciando aplicación...
2026-04-01 08:02:28 | INFO     | isalab | _initialize_database:269 | Base de datos inicializada correctamente
2026-04-01 08:02:28 | INFO     | isalab | __init__:35 | DatabaseManager inicializado
2026-04-01 08:02:37 | INFO     | isalab | autenticar:28 | Usuario autenticado: admin
2026-04-01 08:19:36 | INFO     | isalab | main:61 | Iniciando aplicación...
2026-04-01 08:19:36 | INFO     | isalab | _initialize_database:269 | Base de datos inicializada correctamente
2026-04-01 08:19:36 | INFO     | isalab | __init__:35 | DatabaseManager inicializado
2026-04-01 08:19:48 | INFO     | isalab | autenticar:28 | Usuario autenticado: admin
2026-04-01 08:36:31 | INFO     | isalab | main:61 | Iniciando aplicación...
2026-04-01 08:36:31 | INFO     | isalab | _initialize_database:269 | Base de datos inicializada correctamente
2026-04-01 08:36:31 | INFO     | isalab | __init__:35 | DatabaseManager inicializado
2026-04-01 08:36:39 | INFO     | isalab | autenticar:28 | Usuario autenticado: admin
2026-04-01 09:25:52 | INFO     | isalab | main:61 | Iniciando aplicación...
2026-04-01 09:25:52 | INFO     | isalab | _initialize_database:269 | Base de datos inicializada correctamente
2026-04-01 09:25:52 | INFO     | isalab | __init__:35 | DatabaseManager inicializado
2026-04-01 09:26:00 | INFO     | isalab | autenticar:28 | Usuario autenticado: admin
2026-04-01 09:30:29 | INFO     | isalab | create:235 | Historia clínica creada para animal 1
2026-04-01 09:30:29 | INFO     | isalab | crear_historia:39 | Historia clínica 1 para animal 1
2026-04-01 09:36:53 | INFO     | isalab | main:61 | Iniciando aplicación...
2026-04-01 09:36:53 | INFO     | isalab | _initialize_database:269 | Base de datos inicializada correctamente
2026-04-01 09:36:53 | INFO     | isalab | __init__:35 | DatabaseManager inicializado
2026-04-01 09:37:02 | INFO     | isalab | autenticar:28 | Usuario autenticado: admin
2026-04-01 10:12:44 | INFO     | isalab | main:61 | Iniciando aplicación...
2026-04-01 10:12:44 | INFO     | isalab | _initialize_database:269 | Base de datos inicializada correctamente
2026-04-01 10:12:44 | INFO     | isalab | __init__:35 | DatabaseManager inicializado
2026-04-01 10:12:54 | INFO     | isalab | autenticar:28 | Usuario autenticado: admin
2026-04-01 10:20:33 | INFO     | isalab | main:61 | Iniciando aplicación...
2026-04-01 10:20:33 | INFO     | isalab | _initialize_database:269 | Base de datos inicializada correctamente
2026-04-01 10:20:33 | INFO     | isalab | __init__:35 | DatabaseManager inicializado
2026-04-01 10:21:29 | INFO     | isalab | autenticar:28 | Usuario autenticado: admin
2026-04-01 10:26:31 | INFO     | isalab | main:61 | Iniciando aplicación...
2026-04-01 10:26:31 | INFO     | isalab | _initialize_database:269 | Base de datos inicializada correctamente
2026-04-01 10:26:31 | INFO     | isalab | __init__:35 | DatabaseManager inicializado
2026-04-01 10:26:40 | INFO     | isalab | autenticar:28 | Usuario autenticado: admin
2026-04-01 11:25:49 | INFO     | isalab | main:61 | Iniciando aplicación...
2026-04-01 11:25:49 | INFO     | isalab | _initialize_database:269 | Base de datos inicializada correctamente
2026-04-01 11:25:49 | INFO     | isalab | __init__:35 | DatabaseManager inicializado
2026-04-01 11:25:57 | INFO     | isalab | autenticar:28 | Usuario autenticado: admin
2026-04-01 12:03:22 | INFO     | isalab | main:61 | Iniciando aplicación...
2026-04-01 12:03:22 | INFO     | isalab | _initialize_database:269 | Base de datos inicializada correctamente
2026-04-01 12:03:22 | INFO     | isalab | __init__:35 | DatabaseManager inicializado
2026-04-01 12:03:48 | INFO     | isalab | autenticar:28 | Usuario autenticado: admin
2026-04-01 12:52:00 | INFO     | isalab | main:61 | Iniciando aplicación...
2026-04-01 12:52:00 | INFO     | isalab | _initialize_database:269 | Base de datos inicializada correctamente
2026-04-01 12:52:00 | INFO     | isalab | __init__:35 | DatabaseManager inicializado
2026-04-01 12:52:12 | INFO     | isalab | autenticar:28 | Usuario autenticado: admin
2026-04-01 12:52:20 | INFO     | services.pdf_service | _generar_pdf_html:35 | PDF generado correctamente: G:\ISALAB\pdfs\historia_1.pdf
2026-04-01 13:36:39 | INFO     | isalab | main:61 | Iniciando aplicación...
2026-04-01 13:36:39 | INFO     | isalab | _initialize_database:269 | Base de datos inicializada correctamente
2026-04-01 13:36:39 | INFO     | isalab | __init__:35 | DatabaseManager inicializado
2026-04-01 13:36:47 | INFO     | isalab | autenticar:28 | Usuario autenticado: admin
2026-04-01 13:39:15 | INFO     | isalab | create:431 | Vacunación creada: VAC-0001 — Polivalente canina (DHPP)
2026-04-01 13:39:15 | INFO     | isalab | registrar:44 | Vacunación registrada: VAC-0001 — Polivalente canina (DHPP)
2026-04-01 14:10:39 | INFO     | isalab | main:61 | Iniciando aplicación...
2026-04-01 14:10:39 | INFO     | isalab | _initialize_database:269 | Base de datos inicializada correctamente
2026-04-01 14:10:39 | INFO     | isalab | __init__:35 | DatabaseManager inicializado
2026-04-01 14:11:14 | INFO     | isalab | autenticar:28 | Usuario autenticado: admin
2026-04-01 14:12:27 | INFO     | services.pdf_service | _generar_pdf_html:35 | PDF generado correctamente: G:\ISALAB\pdfs\laboratorio_ISA-20260313-5030.pdf
2026-04-01 16:35:52 | INFO     | isalab | main:61 | Iniciando aplicación...
2026-04-01 16:35:52 | INFO     | isalab | _initialize_database:269 | Base de datos inicializada correctamente
2026-04-01 16:35:52 | INFO     | isalab | __init__:35 | DatabaseManager inicializado
2026-04-01 16:36:14 | INFO     | isalab | main:61 | Iniciando aplicación...
2026-04-01 16:36:14 | INFO     | isalab | _initialize_database:269 | Base de datos inicializada correctamente
2026-04-01 16:36:14 | INFO     | isalab | __init__:35 | DatabaseManager inicializado
2026-04-01 16:36:24 | INFO     | isalab | autenticar:28 | Usuario autenticado: admin
2026-04-01 16:47:49 | INFO     | isalab | main:61 | Iniciando aplicación...
2026-04-01 16:47:49 | INFO     | isalab | _initialize_database:269 | Base de datos inicializada correctamente
2026-04-01 16:47:49 | INFO     | isalab | __init__:35 | DatabaseManager inicializado
2026-04-01 16:47:58 | INFO     | isalab | autenticar:28 | Usuario autenticado: admin
2026-04-01 18:30:07 | INFO     | isalab | main:61 | Iniciando aplicación...
2026-04-01 18:30:07 | INFO     | isalab | _initialize_database:269 | Base de datos inicializada correctamente
2026-04-01 18:30:07 | INFO     | isalab | __init__:35 | DatabaseManager inicializado
2026-04-01 18:30:21 | INFO     | isalab | autenticar:28 | Usuario autenticado: admin
2026-04-01 18:30:39 | INFO     | services.pdf_service | _generar_pdf_html:35 | PDF generado correctamente: G:\ISALAB\pdfs\vacuna_VAC-0001.pdf
2026-04-01 18:32:12 | INFO     | isalab | main:61 | Iniciando aplicación...
2026-04-01 18:32:12 | INFO     | isalab | _initialize_database:269 | Base de datos inicializada correctamente
2026-04-01 18:32:12 | INFO     | isalab | __init__:35 | DatabaseManager inicializado
2026-04-01 18:32:22 | INFO     | isalab | autenticar:28 | Usuario autenticado: admin
2026-04-01 18:45:26 | INFO     | isalab | main:61 | Iniciando aplicación...
2026-04-01 18:45:26 | INFO     | isalab | _initialize_database:269 | Base de datos inicializada correctamente
2026-04-01 18:45:26 | INFO     | isalab | __init__:35 | DatabaseManager inicializado
2026-04-01 18:45:33 | INFO     | isalab | autenticar:28 | Usuario autenticado: admin
2026-04-01 18:56:20 | INFO     | isalab | create:298 | Consulta creada: CONS-0001
2026-04-01 18:56:20 | INFO     | isalab | registrar_consulta:45 | Consulta registrada: CONS-0001
2026-04-01 19:11:05 | INFO     | isalab | main:61 | Iniciando aplicación...
2026-04-01 19:11:05 | INFO     | isalab | _initialize_database:269 | Base de datos inicializada correctamente
2026-04-01 19:11:05 | INFO     | isalab | __init__:35 | DatabaseManager inicializado
2026-04-01 19:11:13 | INFO     | isalab | autenticar:28 | Usuario autenticado: admin
2026-04-01 19:11:28 | INFO     | services.pdf_service | _generar_pdf_html:35 | PDF generado correctamente: G:\ISALAB\pdfs\consulta_CONS-0001.pdf
2026-04-01 19:36:21 | INFO     | services.pdf_service | _generar_pdf_html:35 | PDF generado correctamente: G:\ISALAB\pdfs\consulta_CONS-0001.pdf
2026-04-01 20:02:06 | INFO     | services.pdf_service | _generar_pdf_html:35 | PDF generado correctamente: G:\ISALAB\pdfs\consulta_CONS-0001.pdf
2026-04-01 20:23:41 | INFO     | isalab | main:61 | Iniciando aplicación...
2026-04-01 20:23:41 | INFO     | isalab | _initialize_database:269 | Base de datos inicializada correctamente
2026-04-01 20:23:41 | INFO     | isalab | __init__:35 | DatabaseManager inicializado
2026-04-01 20:23:51 | INFO     | isalab | autenticar:28 | Usuario autenticado: admin
2026-04-01 20:25:50 | INFO     | isalab | main:61 | Iniciando aplicación...
2026-04-01 20:25:50 | INFO     | isalab | _initialize_database:269 | Base de datos inicializada correctamente
2026-04-01 20:25:50 | INFO     | isalab | __init__:35 | DatabaseManager inicializado
2026-04-01 20:25:58 | INFO     | isalab | autenticar:28 | Usuario autenticado: admin
2026-04-01 21:03:53 | INFO     | isalab | create:361 | Cirugía creada: CIRU-0001
2026-04-01 21:03:53 | INFO     | isalab | programar_cirugia:48 | Cirugía programada: CIRU-0001 — Orquiectomía
2026-04-01 21:50:51 | INFO     | isalab | main:61 | Iniciando aplicación...
2026-04-01 21:50:51 | INFO     | isalab | _initialize_database:269 | Base de datos inicializada correctamente
2026-04-01 21:50:51 | INFO     | isalab | __init__:35 | DatabaseManager inicializado
2026-04-01 21:51:00 | INFO     | isalab | autenticar:28 | Usuario autenticado: admin
2026-04-01 22:07:27 | INFO     | isalab | main:61 | Iniciando aplicación...
2026-04-01 22:07:27 | INFO     | isalab | _initialize_database:269 | Base de datos inicializada correctamente
2026-04-01 22:07:27 | INFO     | isalab | __init__:35 | DatabaseManager inicializado
2026-04-01 22:07:38 | INFO     | isalab | autenticar:28 | Usuario autenticado: admin
2026-04-01 22:16:04 | INFO     | isalab | main:61 | Iniciando aplicación...
2026-04-01 22:16:04 | INFO     | isalab | _initialize_database:269 | Base de datos inicializada correctamente
2026-04-01 22:16:04 | INFO     | isalab | __init__:35 | DatabaseManager inicializado
2026-04-01 22:16:12 | INFO     | isalab | autenticar:28 | Usuario autenticado: admin
2026-04-01 22:16:34 | INFO     | services.pdf_service | _generar_pdf_html:35 | PDF generado correctamente: G:\ISALAB\pdfs\cirugia_CIRU-0001.pdf
2026-04-01 22:19:27 | INFO     | isalab | main:61 | Iniciando aplicación...
2026-04-01 22:19:27 | INFO     | isalab | _initialize_database:269 | Base de datos inicializada correctamente
2026-04-01 22:19:27 | INFO     | isalab | __init__:35 | DatabaseManager inicializado
2026-04-01 22:19:36 | INFO     | isalab | autenticar:28 | Usuario autenticado: admin
2026-04-01 22:33:25 | INFO     | isalab | main:61 | Iniciando aplicación...
2026-04-01 22:33:25 | INFO     | isalab | _initialize_database:269 | Base de datos inicializada correctamente
2026-04-01 22:33:25 | INFO     | isalab | __init__:35 | DatabaseManager inicializado
2026-04-01 22:33:34 | INFO     | isalab | autenticar:28 | Usuario autenticado: admin
2026-04-01 22:34:04 | INFO     | services.pdf_service | _generar_pdf_html:35 | PDF generado correctamente: G:\ISALAB\pdfs\historia_1.pdf
2026-04-01 22:43:24 | INFO     | isalab | main:61 | Iniciando aplicación...
2026-04-01 22:43:24 | INFO     | isalab | _initialize_database:269 | Base de datos inicializada correctamente
2026-04-01 22:43:24 | INFO     | isalab | __init__:35 | DatabaseManager inicializado
2026-04-01 22:47:23 | INFO     | isalab | autenticar:28 | Usuario autenticado: admin
2026-04-01 22:47:41 | ERROR    | services.pdf_service | _generar_pdf_html:38 | Error generando PDF 'historia_1.pdf': [Errno 13] Permission denied: 'G:\\ISALAB\\pdfs\\historia_1.pdf'
2026-04-01 22:47:59 | INFO     | services.pdf_service | _generar_pdf_html:35 | PDF generado correctamente: G:\ISALAB\pdfs\historia_1.pdf
2026-04-01 22:53:26 | INFO     | services.pdf_service | _generar_pdf_html:35 | PDF generado correctamente: G:\ISALAB\pdfs\historia_1.pdf
2026-04-02 13:34:39 | INFO     | isalab | main:61 | Iniciando aplicación...
2026-04-02 13:34:39 | INFO     | isalab | _initialize_database:269 | Base de datos inicializada correctamente
2026-04-02 13:34:39 | INFO     | isalab | __init__:35 | DatabaseManager inicializado
2026-04-02 13:34:46 | INFO     | isalab | main:67 | Login cancelado
2026-04-02 13:43:09 | INFO     | isalab | main:61 | Iniciando aplicación...
2026-04-02 13:43:09 | INFO     | isalab | _initialize_database:269 | Base de datos inicializada correctamente
2026-04-02 13:43:09 | INFO     | isalab | __init__:35 | DatabaseManager inicializado
2026-04-02 13:43:16 | INFO     | isalab | autenticar:28 | Usuario autenticado: admin
2026-04-02 17:35:14 | INFO     | isalab | main:61 | Iniciando aplicación...
2026-04-02 17:35:14 | INFO     | isalab | _initialize_database:269 | Base de datos inicializada correctamente
2026-04-02 17:35:14 | INFO     | isalab | __init__:35 | DatabaseManager inicializado
2026-04-02 17:35:22 | INFO     | isalab | autenticar:28 | Usuario autenticado: admin
2026-04-02 17:40:44 | INFO     | isalab | main:61 | Iniciando aplicación...
2026-04-02 17:40:44 | INFO     | isalab | _initialize_database:269 | Base de datos inicializada correctamente
2026-04-02 17:40:44 | INFO     | isalab | __init__:35 | DatabaseManager inicializado
2026-04-02 17:40:54 | INFO     | isalab | autenticar:28 | Usuario autenticado: admin
2026-04-02 17:41:01 | INFO     | services.pdf_service | _generar_pdf_html:35 | PDF generado correctamente: G:\ISALAB\pdfs\cirugia_CIRU-0001.pdf
2026-04-03 09:18:37 | INFO     | isalab | main:61 | Iniciando aplicación...
2026-04-03 09:18:38 | INFO     | isalab | _initialize_database:269 | Base de datos inicializada correctamente
2026-04-03 09:18:38 | INFO     | isalab | __init__:35 | DatabaseManager inicializado
2026-04-03 10:03:05 | INFO     | isalab | autenticar:28 | Usuario autenticado: admin
2026-04-03 10:03:40 | ERROR    | isalab | wrapper:23 | Error en UI: 'DetalleHistoriaDialog' object has no attribute 'btn_imprimir'
Traceback (most recent call last):
  File "G:\ISALAB\gui_pyside\components\components.py", line 19, in wrapper
    return func(*args, **kwargs)
  File "G:\ISALAB\gui_pyside\dialogs\historia_dialog.py", line 489, in _imprimir_pdf
    self.btn_imprimir.setText("Generando PDF... ⏳")
    ^^^^^^^^^^^^^^^^^
AttributeError: 'DetalleHistoriaDialog' object has no attribute 'btn_imprimir'
2026-04-03 10:19:17 | INFO     | isalab | main:61 | Iniciando aplicación...
2026-04-03 10:19:17 | INFO     | isalab | _initialize_database:269 | Base de datos inicializada correctamente
2026-04-03 10:19:17 | INFO     | isalab | __init__:35 | DatabaseManager inicializado
2026-04-03 10:19:34 | INFO     | isalab | autenticar:28 | Usuario autenticado: admin
2026-04-03 10:19:41 | INFO     | services.pdf_service | _generar_pdf_html:35 | PDF generado correctamente: G:\ISALAB\pdfs\historia_1.pdf
2026-04-03 10:22:32 | INFO     | isalab | main:61 | Iniciando aplicación...
2026-04-03 10:22:32 | INFO     | isalab | _initialize_database:269 | Base de datos inicializada correctamente
2026-04-03 10:22:32 | INFO     | isalab | __init__:35 | DatabaseManager inicializado
2026-04-03 10:22:39 | INFO     | isalab | autenticar:28 | Usuario autenticado: admin
2026-04-03 10:40:15 | INFO     | isalab | main:61 | Iniciando aplicación...
2026-04-03 10:40:15 | INFO     | isalab | _initialize_database:269 | Base de datos inicializada correctamente
2026-04-03 10:40:15 | INFO     | isalab | __init__:35 | DatabaseManager inicializado
2026-04-03 10:40:22 | INFO     | isalab | autenticar:28 | Usuario autenticado: admin
2026-04-03 10:40:36 | INFO     | services.pdf_service | _generar_pdf_html:35 | PDF generado correctamente: G:\ISALAB\pdfs\vacuna_VAC-0001.pdf
2026-04-03 10:48:08 | INFO     | isalab | main:61 | Iniciando aplicación...
2026-04-03 10:48:08 | INFO     | isalab | _initialize_database:269 | Base de datos inicializada correctamente
2026-04-03 10:48:08 | INFO     | isalab | __init__:35 | DatabaseManager inicializado
2026-04-03 10:48:18 | INFO     | isalab | autenticar:28 | Usuario autenticado: admin
2026-04-03 13:17:43 | INFO     | isalab | main:61 | Iniciando aplicación...
2026-04-03 13:17:43 | INFO     | isalab | _initialize_database:269 | Base de datos inicializada correctamente
2026-04-03 13:17:43 | INFO     | isalab | __init__:35 | DatabaseManager inicializado
2026-04-03 13:17:53 | INFO     | isalab | autenticar:28 | Usuario autenticado: admin
2026-04-03 13:28:54 | INFO     | isalab | main:61 | Iniciando aplicación...
2026-04-03 13:28:54 | INFO     | isalab | _initialize_database:269 | Base de datos inicializada correctamente
2026-04-03 13:28:54 | INFO     | isalab | __init__:35 | DatabaseManager inicializado
2026-04-03 13:29:15 | INFO     | isalab | autenticar:28 | Usuario autenticado: admin
2026-04-03 15:13:12 | INFO     | isalab | main:61 | Iniciando aplicación...
2026-04-03 15:13:12 | INFO     | isalab | _initialize_database:269 | Base de datos inicializada correctamente
2026-04-03 15:13:12 | INFO     | isalab | __init__:35 | DatabaseManager inicializado
2026-04-03 15:13:19 | INFO     | isalab | autenticar:28 | Usuario autenticado: admin
2026-04-03 15:16:36 | INFO     | isalab | main:61 | Iniciando aplicación...
2026-04-03 15:16:37 | INFO     | isalab | _initialize_database:269 | Base de datos inicializada correctamente
2026-04-03 15:16:37 | INFO     | isalab | __init__:35 | DatabaseManager inicializado
2026-04-03 15:16:44 | INFO     | isalab | autenticar:28 | Usuario autenticado: admin
2026-04-03 15:19:16 | INFO     | isalab | main:61 | Iniciando aplicación...
2026-04-03 15:19:16 | INFO     | isalab | _initialize_database:269 | Base de datos inicializada correctamente
2026-04-03 15:19:16 | INFO     | isalab | __init__:35 | DatabaseManager inicializado
2026-04-03 15:19:24 | INFO     | isalab | autenticar:28 | Usuario autenticado: admin
2026-04-03 15:19:28 | ERROR    | isalab | obtener_siguiente_codigo:30 | Error generando código autoincremental: 'AnimalRepository' object has no attribute 'get_max_id'
2026-04-03 15:19:39 | ERROR    | isalab | obtener_siguiente_codigo:30 | Error generando código autoincremental: 'AnimalRepository' object has no attribute 'get_max_id'
2026-04-03 15:50:33 | INFO     | isalab | main:61 | Iniciando aplicación...
2026-04-03 15:50:33 | INFO     | isalab | _initialize_database:269 | Base de datos inicializada correctamente
2026-04-03 15:50:33 | INFO     | isalab | __init__:35 | DatabaseManager inicializado
2026-04-03 15:50:41 | INFO     | isalab | autenticar:28 | Usuario autenticado: admin
2026-04-03 15:52:23 | INFO     | isalab | main:61 | Iniciando aplicación...
2026-04-03 15:52:23 | INFO     | isalab | _initialize_database:269 | Base de datos inicializada correctamente
2026-04-03 15:52:23 | INFO     | isalab | __init__:35 | DatabaseManager inicializado
2026-04-03 15:52:30 | INFO     | isalab | autenticar:28 | Usuario autenticado: admin
2026-04-03 16:59:02 | INFO     | isalab | main:61 | Iniciando aplicación...
2026-04-03 16:59:02 | INFO     | isalab | _initialize_database:269 | Base de datos inicializada correctamente
2026-04-03 16:59:02 | INFO     | isalab | __init__:35 | DatabaseManager inicializado
2026-04-03 16:59:17 | INFO     | isalab | autenticar:28 | Usuario autenticado: admin
2026-04-03 16:59:31 | ERROR    | isalab | obtener_siguiente_codigo:30 | Error generando código autoincremental: 'AnimalRepository' object has no attribute 'session'
2026-04-03 17:04:21 | ERROR    | isalab | registrar_ingreso:76 | Error en registrar_ingreso: 'AnimalRepository' object has no attribute 'session'
2026-04-03 17:04:21 | ERROR    | isalab | wrapper:23 | Error en UI: 'AnimalRepository' object has no attribute 'session'
Traceback (most recent call last):
  File "D:\ISALAB\gui_pyside\components\components.py", line 19, in wrapper
    return func(*args, **kwargs)
  File "D:\ISALAB\gui_pyside\dialogs\animal_dialog.py", line 187, in _guardar
    self.service.registrar_ingreso(data)
    ~~~~~~~~~~~~~~~~~~~~~~~~~~~~~~^^^^^^
  File "D:\ISALAB\services\animal_service.py", line 43, in registrar_ingreso
    if self.animal_repo.get_by_codigo(data['codigo']):
       ~~~~~~~~~~~~~~~~~~~~~~~~~~~~~~^^^^^^^^^^^^^^^^
  File "D:\ISALAB\database\repositories.py", line 39, in get_by_codigo
    return self.session.query(AnimalORM).filter(AnimalORM.codigo == codigo).first()
           ^^^^^^^^^^^^
AttributeError: 'AnimalRepository' object has no attribute 'session'
2026-04-03 17:09:08 | INFO     | isalab | main:61 | Iniciando aplicación...
2026-04-03 17:09:08 | INFO     | isalab | _initialize_database:269 | Base de datos inicializada correctamente
2026-04-03 17:09:08 | INFO     | isalab | __init__:35 | DatabaseManager inicializado
2026-04-03 17:09:15 | INFO     | isalab | autenticar:28 | Usuario autenticado: admin
2026-04-03 17:11:16 | ERROR    | isalab | registrar_ingreso:76 | Error en registrar_ingreso: Class 'database.models.Animal' is not mapped
2026-04-03 17:11:16 | ERROR    | isalab | wrapper:23 | Error en UI: Class 'database.models.Animal' is not mapped
Traceback (most recent call last):
  File "C:\Users\OWNPC\AppData\Local\Programs\Python\Python314\Lib\site-packages\sqlalchemy\orm\session.py", line 3463, in add
    state = attributes.instance_state(instance)
AttributeError: 'Animal' object has no attribute '_sa_instance_state'

The above exception was the direct cause of the following exception:

Traceback (most recent call last):
  File "D:\ISALAB\gui_pyside\components\components.py", line 19, in wrapper
    return func(*args, **kwargs)
  File "D:\ISALAB\gui_pyside\dialogs\animal_dialog.py", line 187, in _guardar
    self.service.registrar_ingreso(data)
    ~~~~~~~~~~~~~~~~~~~~~~~~~~~~~~^^^^^^
  File "D:\ISALAB\services\animal_service.py", line 61, in registrar_ingreso
    animal_id = self.animal_repo.create(animal)
  File "D:\ISALAB\database\repositories.py", line 27, in create
    self.session.add(animal)
    ~~~~~~~~~~~~~~~~^^^^^^^^
  File "C:\Users\OWNPC\AppData\Local\Programs\Python\Python314\Lib\site-packages\sqlalchemy\orm\session.py", line 3465, in add
    raise exc.UnmappedInstanceError(instance) from err
sqlalchemy.orm.exc.UnmappedInstanceError: Class 'database.models.Animal' is not mapped
2026-04-03 17:15:07 | INFO     | isalab | main:61 | Iniciando aplicación...
2026-04-03 17:15:07 | INFO     | isalab | _initialize_database:269 | Base de datos inicializada correctamente
2026-04-03 17:15:07 | INFO     | isalab | __init__:35 | DatabaseManager inicializado
2026-04-03 17:15:14 | INFO     | isalab | autenticar:28 | Usuario autenticado: admin
2026-04-03 17:17:26 | INFO     | isalab | create:44 | Animal creado: PAC-001
2026-04-03 17:17:26 | INFO     | isalab | registrar_ingreso:72 | Ingreso registrado: PAC-001
2026-04-03 17:19:03 | INFO     | isalab | registrar_recepcion:48 | Recepción registrada: ISAL-0001 para animal 1
2026-04-03 17:31:03 | INFO     | isalab | main:61 | Iniciando aplicación...
2026-04-03 17:31:03 | INFO     | isalab | _initialize_database:269 | Base de datos inicializada correctamente
2026-04-03 17:31:03 | INFO     | isalab | __init__:35 | DatabaseManager inicializado
2026-04-03 17:31:28 | INFO     | isalab | autenticar:28 | Usuario autenticado: admin
2026-04-03 17:51:28 | INFO     | isalab | main:61 | Iniciando aplicación...
2026-04-03 17:51:28 | INFO     | isalab | _initialize_database:269 | Base de datos inicializada correctamente
2026-04-03 17:51:28 | INFO     | isalab | __init__:35 | DatabaseManager inicializado
2026-04-03 17:51:34 | INFO     | isalab | autenticar:28 | Usuario autenticado: admin
2026-04-03 18:04:04 | INFO     | isalab | main:61 | Iniciando aplicación...
2026-04-03 18:04:04 | INFO     | isalab | _initialize_database:269 | Base de datos inicializada correctamente
2026-04-03 18:04:04 | INFO     | isalab | __init__:35 | DatabaseManager inicializado
2026-04-03 18:04:13 | INFO     | isalab | autenticar:28 | Usuario autenticado: admin
2026-04-03 18:13:34 | INFO     | isalab | main:61 | Iniciando aplicación...
2026-04-03 18:13:34 | INFO     | isalab | _initialize_database:269 | Base de datos inicializada correctamente
2026-04-03 18:13:34 | INFO     | isalab | __init__:35 | DatabaseManager inicializado
2026-04-03 18:13:42 | WARNING  | isalab | autenticar:25 | Intento de login fallido para usuario: admin
2026-04-03 18:13:42 | WARNING  | isalab | autenticar:25 | Intento de login fallido para usuario: admin
2026-04-03 18:13:48 | INFO     | isalab | autenticar:28 | Usuario autenticado: admin
2026-04-04 21:30:21 | INFO     | isalab | main:61 | Iniciando aplicación...
2026-04-04 21:30:21 | INFO     | isalab | _initialize_database:269 | Base de datos inicializada correctamente
2026-04-04 21:30:21 | INFO     | isalab | __init__:35 | DatabaseManager inicializado
2026-04-04 21:30:36 | INFO     | isalab | autenticar:28 | Usuario autenticado: admin
2026-04-04 21:35:21 | INFO     | isalab | main:61 | Iniciando aplicación...
2026-04-04 21:35:21 | INFO     | isalab | _initialize_database:269 | Base de datos inicializada correctamente
2026-04-04 21:35:21 | INFO     | isalab | __init__:35 | DatabaseManager inicializado
2026-04-04 21:36:21 | INFO     | isalab | autenticar:28 | Usuario autenticado: admin
2026-04-04 21:38:32 | INFO     | isalab | main:61 | Iniciando aplicación...
2026-04-04 21:38:32 | INFO     | isalab | _initialize_database:269 | Base de datos inicializada correctamente
2026-04-04 21:38:32 | INFO     | isalab | __init__:35 | DatabaseManager inicializado
2026-04-04 21:38:41 | INFO     | isalab | autenticar:28 | Usuario autenticado: admin
2026-04-04 23:58:17 | INFO     | isalab | main:61 | Iniciando aplicación...
2026-04-04 23:58:17 | INFO     | isalab | _initialize_database:269 | Base de datos inicializada correctamente
2026-04-04 23:58:17 | INFO     | isalab | __init__:35 | DatabaseManager inicializado
2026-04-04 23:58:26 | INFO     | isalab | autenticar:28 | Usuario autenticado: admin
2026-04-05 08:00:10 | INFO     | isalab | main:61 | Iniciando aplicación...
2026-04-05 08:00:10 | INFO     | isalab | _initialize_database:269 | Base de datos inicializada correctamente
2026-04-05 08:00:10 | INFO     | isalab | __init__:35 | DatabaseManager inicializado
2026-04-05 08:00:22 | INFO     | isalab | autenticar:28 | Usuario autenticado: admin
2026-04-06 23:37:43 | INFO     | isalab | main:61 | Iniciando aplicación...
2026-04-06 23:37:43 | INFO     | isalab | _initialize_database:269 | Base de datos inicializada correctamente
2026-04-06 23:37:43 | INFO     | isalab | __init__:35 | DatabaseManager inicializado
2026-04-06 23:37:52 | INFO     | isalab | autenticar:28 | Usuario autenticado: admin
2026-04-06 23:44:20 | INFO     | isalab | main:61 | Iniciando aplicación...
2026-04-06 23:44:20 | INFO     | isalab | _initialize_database:269 | Base de datos inicializada correctamente
2026-04-06 23:44:20 | INFO     | isalab | __init__:35 | DatabaseManager inicializado
2026-04-06 23:44:29 | INFO     | isalab | autenticar:28 | Usuario autenticado: admin
2026-04-06 23:51:13 | INFO     | isalab | main:61 | Iniciando aplicación...
2026-04-06 23:51:13 | INFO     | isalab | _initialize_database:269 | Base de datos inicializada correctamente
2026-04-06 23:51:13 | INFO     | isalab | __init__:35 | DatabaseManager inicializado
2026-04-06 23:51:23 | INFO     | isalab | autenticar:28 | Usuario autenticado: admin
2026-04-07 07:40:00 | INFO     | isalab | main:61 | Iniciando aplicación...
2026-04-07 07:40:00 | INFO     | isalab | _initialize_database:269 | Base de datos inicializada correctamente
2026-04-07 07:40:00 | INFO     | isalab | __init__:35 | DatabaseManager inicializado
2026-04-07 07:40:10 | INFO     | isalab | autenticar:28 | Usuario autenticado: admin
2026-04-07 08:23:43 | INFO     | isalab | main:61 | Iniciando aplicación...
2026-04-07 08:23:43 | INFO     | isalab | _initialize_database:269 | Base de datos inicializada correctamente
2026-04-07 08:23:43 | INFO     | isalab | __init__:35 | DatabaseManager inicializado
2026-04-07 08:23:55 | INFO     | isalab | autenticar:28 | Usuario autenticado: admin
2026-04-07 11:06:17 | INFO     | isalab | _initialize_database:269 | Base de datos inicializada correctamente
2026-04-07 11:06:17 | INFO     | isalab | __init__:35 | DatabaseManager inicializado
2026-04-07 11:06:17 | ERROR    | isalab | registrar_ingreso:86 | Error en registrar_ingreso: (sqlite3.OperationalError) table animales has no column named sexo
[SQL: INSERT INTO animales (codigo, nombre, especie, raza, sexo, color, tipo_pelo, senas_particulares, microchip, edad, unidad_edad, fecha_nacimiento, peso, propietario, propietario_tipo_doc, propietario_documento, propietario_direccion, propietario_oficio, telefono, email, fecha_ingreso, observaciones, estado) VALUES (?, ?, ?, ?, ?, ?, ?, ?, ?, ?, ?, ?, ?, ?, ?, ?, ?, ?, ?, ?, ?, ?, ?)]
[parameters: ('PAC-001', 'MIA TEST', 'CANINO', 'SCHNAUZER', None, None, None, None, None, 13, 'Años', None, None, 'Astrid Herrera', None, None, None, None, None, None, '2026-04-05', None, 'Activo')]
(Background on this error at: https://sqlalche.me/e/20/e3q8)
2026-04-07 11:10:52 | INFO     | isalab | _initialize_database:269 | Base de datos inicializada correctamente
2026-04-07 11:10:52 | INFO     | isalab | __init__:35 | DatabaseManager inicializado
2026-04-07 11:10:52 | ERROR    | isalab | registrar_ingreso:86 | Error en registrar_ingreso: (sqlite3.OperationalError) table animales has no column named sexo
[SQL: INSERT INTO animales (codigo, nombre, especie, raza, sexo, color, tipo_pelo, senas_particulares, microchip, edad, unidad_edad, fecha_nacimiento, peso, propietario, propietario_tipo_doc, propietario_documento, propietario_direccion, propietario_oficio, telefono, email, fecha_ingreso, observaciones, estado) VALUES (?, ?, ?, ?, ?, ?, ?, ?, ?, ?, ?, ?, ?, ?, ?, ?, ?, ?, ?, ?, ?, ?, ?)]
[parameters: ('PAC-001', 'MIA TEST', 'CANINO', 'SCHNAUZER', None, None, None, None, None, 13, 'Años', None, None, 'Astrid Herrera', None, None, None, None, None, None, '2026-04-05', None, 'Activo')]
(Background on this error at: https://sqlalche.me/e/20/e3q8)
2026-04-07 11:14:35 | INFO     | isalab | _initialize_database:269 | Base de datos inicializada correctamente
2026-04-07 11:14:35 | INFO     | isalab | __init__:35 | DatabaseManager inicializado
2026-04-07 11:14:35 | ERROR    | isalab | registrar_ingreso:86 | Error en registrar_ingreso: (sqlite3.OperationalError) table animales has no column named sexo
[SQL: INSERT INTO animales (codigo, nombre, especie, raza, sexo, color, tipo_pelo, senas_particulares, microchip, edad, unidad_edad, fecha_nacimiento, peso, propietario, propietario_tipo_doc, propietario_documento, propietario_direccion, propietario_oficio, telefono, email, fecha_ingreso, observaciones, estado) VALUES (?, ?, ?, ?, ?, ?, ?, ?, ?, ?, ?, ?, ?, ?, ?, ?, ?, ?, ?, ?, ?, ?, ?)]
[parameters: ('PAC-001', 'MIA TEST', 'CANINO', 'SCHNAUZER', None, None, None, None, None, 13, 'Años', None, None, 'Astrid Herrera', None, None, None, None, None, None, '2026-04-05', None, 'Activo')]
(Background on this error at: https://sqlalche.me/e/20/e3q8)
2026-04-07 11:21:01 | INFO     | isalab | main:61 | Iniciando aplicación...
2026-04-07 11:21:02 | INFO     | isalab | _initialize_database:269 | Base de datos inicializada correctamente
2026-04-07 11:21:02 | INFO     | isalab | __init__:35 | DatabaseManager inicializado
2026-04-07 11:21:17 | INFO     | isalab | autenticar:28 | Usuario autenticado: admin
2026-04-07 11:21:31 | INFO     | isalab | _initialize_database:269 | Base de datos inicializada correctamente
2026-04-07 11:21:31 | INFO     | isalab | __init__:35 | DatabaseManager inicializado
2026-04-07 11:21:31 | ERROR    | isalab | registrar_ingreso:86 | Error en registrar_ingreso: (sqlite3.OperationalError) table animales has no column named sexo
[SQL: INSERT INTO animales (codigo, nombre, especie, raza, sexo, color, tipo_pelo, senas_particulares, microchip, edad, unidad_edad, fecha_nacimiento, peso, propietario, propietario_tipo_doc, propietario_documento, propietario_direccion, propietario_oficio, telefono, email, fecha_ingreso, observaciones, estado) VALUES (?, ?, ?, ?, ?, ?, ?, ?, ?, ?, ?, ?, ?, ?, ?, ?, ?, ?, ?, ?, ?, ?, ?)]
[parameters: ('PAC-001', 'MIA TEST', 'CANINO', 'SCHNAUZER', None, None, None, None, None, 13, 'Años', None, None, 'Astrid Herrera', None, None, None, None, None, None, '2026-04-05', None, 'Activo')]
(Background on this error at: https://sqlalche.me/e/20/e3q8)
2026-04-07 11:24:21 | INFO     | isalab | _initialize_database:269 | Base de datos inicializada correctamente
2026-04-07 11:24:21 | INFO     | isalab | __init__:35 | DatabaseManager inicializado
2026-04-07 11:24:21 | ERROR    | isalab | registrar_ingreso:86 | Error en registrar_ingreso: (sqlite3.OperationalError) table animales has no column named sexo
[SQL: INSERT INTO animales (codigo, nombre, especie, raza, sexo, color, tipo_pelo, senas_particulares, microchip, edad, unidad_edad, fecha_nacimiento, peso, propietario, propietario_tipo_doc, propietario_documento, propietario_direccion, propietario_oficio, telefono, email, fecha_ingreso, observaciones, estado) VALUES (?, ?, ?, ?, ?, ?, ?, ?, ?, ?, ?, ?, ?, ?, ?, ?, ?, ?, ?, ?, ?, ?, ?)]
[parameters: ('PAC-001', 'MIA TEST', 'CANINO', 'SCHNAUZER', None, None, None, None, None, 13, 'Años', None, None, 'Astrid Herrera', None, None, None, None, None, None, '2026-04-05', None, 'Activo')]
(Background on this error at: https://sqlalche.me/e/20/e3q8)
2026-04-07 11:38:04 | INFO     | isalab | _initialize_database:114 | Base de datos auxiliar inicializada (Tablas clínicas delegadas a Alembic)
2026-04-07 11:38:04 | INFO     | isalab | __init__:36 | DatabaseManager inicializado
2026-04-07 11:38:04 | ERROR    | isalab | registrar_ingreso:86 | Error en registrar_ingreso: (sqlite3.OperationalError) table animales has no column named sexo
[SQL: INSERT INTO animales (codigo, nombre, especie, raza, sexo, color, tipo_pelo, senas_particulares, microchip, edad, unidad_edad, fecha_nacimiento, peso, propietario, propietario_tipo_doc, propietario_documento, propietario_direccion, propietario_oficio, telefono, email, fecha_ingreso, observaciones, estado) VALUES (?, ?, ?, ?, ?, ?, ?, ?, ?, ?, ?, ?, ?, ?, ?, ?, ?, ?, ?, ?, ?, ?, ?)]
[parameters: ('PAC-001', 'MIA TEST', 'CANINO', 'SCHNAUZER', None, None, None, None, None, 13, 'Años', None, None, 'Astrid Herrera', None, None, None, None, None, None, '2026-04-05', None, 'Activo')]
(Background on this error at: https://sqlalche.me/e/20/e3q8)
2026-04-07 11:38:36 | INFO     | isalab | _initialize_database:114 | Base de datos auxiliar inicializada (Tablas clínicas delegadas a Alembic)
2026-04-07 11:38:36 | INFO     | isalab | __init__:36 | DatabaseManager inicializado
2026-04-07 11:38:36 | ERROR    | isalab | registrar_ingreso:86 | Error en registrar_ingreso: (sqlite3.OperationalError) table animales has no column named sexo
[SQL: INSERT INTO animales (codigo, nombre, especie, raza, sexo, color, tipo_pelo, senas_particulares, microchip, edad, unidad_edad, fecha_nacimiento, peso, propietario, propietario_tipo_doc, propietario_documento, propietario_direccion, propietario_oficio, telefono, email, fecha_ingreso, observaciones, estado) VALUES (?, ?, ?, ?, ?, ?, ?, ?, ?, ?, ?, ?, ?, ?, ?, ?, ?, ?, ?, ?, ?, ?, ?)]
[parameters: ('PAC-001', 'MIA TEST', 'CANINO', 'SCHNAUZER', None, None, None, None, None, 13, 'Años', None, None, 'Astrid Herrera', None, None, None, None, None, None, '2026-04-05', None, 'Activo')]
(Background on this error at: https://sqlalche.me/e/20/e3q8)
2026-04-07 11:39:40 | INFO     | isalab | _initialize_database:114 | Base de datos auxiliar inicializada (Tablas clínicas delegadas a Alembic)
2026-04-07 11:39:40 | INFO     | isalab | __init__:36 | DatabaseManager inicializado
2026-04-07 11:39:40 | ERROR    | isalab | registrar_ingreso:86 | Error en registrar_ingreso: (sqlite3.OperationalError) table animales has no column named sexo
[SQL: INSERT INTO animales (codigo, nombre, especie, raza, sexo, color, tipo_pelo, senas_particulares, microchip, edad, unidad_edad, fecha_nacimiento, peso, propietario, propietario_tipo_doc, propietario_documento, propietario_direccion, propietario_oficio, telefono, email, fecha_ingreso, observaciones, estado) VALUES (?, ?, ?, ?, ?, ?, ?, ?, ?, ?, ?, ?, ?, ?, ?, ?, ?, ?, ?, ?, ?, ?, ?)]
[parameters: ('PAC-001', 'MIA TEST', 'CANINO', 'SCHNAUZER', None, None, None, None, None, 13, 'Años', None, None, 'Astrid Herrera', None, None, None, None, None, None, '2026-04-05', None, 'Activo')]
(Background on this error at: https://sqlalche.me/e/20/e3q8)
2026-04-07 11:42:28 | INFO     | isalab | _initialize_database:114 | Base de datos auxiliar inicializada (Tablas clínicas delegadas a Alembic)
2026-04-07 11:42:28 | INFO     | isalab | __init__:36 | DatabaseManager inicializado
2026-04-07 11:42:28 | INFO     | isalab | create:44 | Animal creado: PAC-001
2026-04-07 11:42:28 | INFO     | isalab | registrar_ingreso:76 | Ingreso registrado: PAC-001
2026-04-07 11:42:28 | INFO     | isalab | registrar_muestra:47 | Muestra registrada: ISA-20260407-6309
2026-04-07 11:42:28 | INFO     | isalab | actualizar_estado:61 | Estado de muestra 1 actualizado a Completado
2026-04-07 11:42:28 | ERROR    | services.pdf_service | _generar_pdf_html:38 | Error generando PDF 'laboratorio_ISA-20260407-6309.pdf': 'paciente' is undefined
2026-04-07 11:46:02 | INFO     | isalab | _initialize_database:114 | Base de datos auxiliar inicializada (Tablas clínicas delegadas a Alembic)
2026-04-07 11:46:02 | INFO     | isalab | __init__:36 | DatabaseManager inicializado
2026-04-07 11:46:02 | INFO     | isalab | create:44 | Animal creado: PAC-001
2026-04-07 11:46:02 | INFO     | isalab | registrar_ingreso:76 | Ingreso registrado: PAC-001
2026-04-07 11:46:02 | INFO     | isalab | registrar_muestra:47 | Muestra registrada: ISA-20260407-7781
2026-04-07 11:46:02 | INFO     | isalab | actualizar_estado:61 | Estado de muestra 1 actualizado a Completado
2026-04-07 11:46:03 | INFO     | services.pdf_service | _generar_pdf_html:37 | PDF generado correctamente: G:\ISALAB\pdfs\laboratorio_ISA-20260407-7781.pdf
2026-04-07 12:02:57 | INFO     | isalab | main:61 | Iniciando aplicación...
2026-04-07 12:02:57 | INFO     | isalab | _initialize_database:114 | Base de datos auxiliar inicializada (Tablas clínicas delegadas a Alembic)
2026-04-07 12:02:57 | INFO     | isalab | __init__:36 | DatabaseManager inicializado
2026-04-07 12:03:04 | INFO     | isalab | autenticar:28 | Usuario autenticado: admin
2026-04-07 12:03:27 | INFO     | isalab | _initialize_database:114 | Base de datos auxiliar inicializada (Tablas clínicas delegadas a Alembic)
2026-04-07 12:03:27 | INFO     | isalab | __init__:36 | DatabaseManager inicializado
2026-04-07 12:03:27 | INFO     | isalab | create:44 | Animal creado: PAC-001
2026-04-07 12:03:27 | INFO     | isalab | registrar_ingreso:76 | Ingreso registrado: PAC-001
2026-04-07 12:03:27 | INFO     | isalab | registrar_muestra:47 | Muestra registrada: ISA-20260407-1266
2026-04-07 12:03:27 | INFO     | isalab | actualizar_estado:61 | Estado de muestra 1 actualizado a Completado
2026-04-07 12:03:27 | INFO     | services.pdf_service | _generar_pdf_html:37 | PDF generado correctamente: G:\ISALAB\pdfs\laboratorio_ISA-20260407-1266.pdf
2026-04-07 12:12:52 | INFO     | isalab | _initialize_database:114 | Base de datos auxiliar inicializada (Tablas clínicas delegadas a Alembic)
2026-04-07 12:12:52 | INFO     | isalab | __init__:36 | DatabaseManager inicializado
2026-04-07 12:12:52 | INFO     | isalab | create:44 | Animal creado: PAC-001
2026-04-07 12:12:52 | INFO     | isalab | registrar_ingreso:76 | Ingreso registrado: PAC-001
2026-04-07 12:12:52 | INFO     | isalab | registrar_muestra:47 | Muestra registrada: ISA-20260407-5691
2026-04-07 12:12:52 | INFO     | isalab | actualizar_estado:61 | Estado de muestra 1 actualizado a Completado
2026-04-07 12:12:53 | INFO     | services.pdf_service | _generar_pdf_html:37 | PDF generado correctamente: G:\ISALAB\pdfs\laboratorio_ISA-20260407-5691.pdf
2026-04-07 12:37:24 | INFO     | isalab | _initialize_database:114 | Base de datos auxiliar inicializada (Tablas clínicas delegadas a Alembic)
2026-04-07 12:37:24 | INFO     | isalab | __init__:36 | DatabaseManager inicializado
2026-04-07 12:37:24 | INFO     | isalab | create:44 | Animal creado: PAC-001
2026-04-07 12:37:24 | INFO     | isalab | registrar_ingreso:76 | Ingreso registrado: PAC-001
2026-04-07 12:37:24 | INFO     | isalab | registrar_muestra:47 | Muestra registrada: ISA-20260407-4896
2026-04-07 12:37:24 | INFO     | isalab | actualizar_estado:61 | Estado de muestra 1 actualizado a Completado
2026-04-07 12:37:25 | INFO     | services.pdf_service | _generar_pdf_html:37 | PDF generado correctamente: G:\ISALAB\pdfs\laboratorio_ISA-20260407-4896.pdf
2026-04-07 12:47:02 | INFO     | isalab | _initialize_database:114 | Base de datos auxiliar inicializada (Tablas clínicas delegadas a Alembic)
2026-04-07 12:47:02 | INFO     | isalab | __init__:36 | DatabaseManager inicializado
2026-04-07 12:47:02 | INFO     | isalab | create:44 | Animal creado: PAC-001
2026-04-07 12:47:02 | INFO     | isalab | registrar_ingreso:76 | Ingreso registrado: PAC-001
2026-04-07 12:47:02 | INFO     | isalab | registrar_muestra:47 | Muestra registrada: ISA-20260407-7222
2026-04-07 12:47:02 | INFO     | isalab | actualizar_estado:61 | Estado de muestra 1 actualizado a Completado
2026-04-07 12:47:04 | INFO     | services.pdf_service | _generar_pdf_html:37 | PDF generado correctamente: G:\ISALAB\pdfs\laboratorio_ISA-20260407-7222.pdf
2026-04-07 13:04:38 | INFO     | isalab | _initialize_database:114 | Base de datos auxiliar inicializada (Tablas clínicas delegadas a Alembic)
2026-04-07 13:04:38 | INFO     | isalab | __init__:36 | DatabaseManager inicializado
2026-04-07 13:04:38 | INFO     | isalab | create:44 | Animal creado: PAC-001
2026-04-07 13:04:38 | INFO     | isalab | registrar_ingreso:76 | Ingreso registrado: PAC-001
2026-04-07 13:04:38 | INFO     | isalab | registrar_muestra:47 | Muestra registrada: ISA-20260407-1015
2026-04-07 13:04:38 | INFO     | isalab | actualizar_estado:61 | Estado de muestra 1 actualizado a Completado
2026-04-07 19:28:17 | INFO     | isalab | _initialize_database:114 | Base de datos auxiliar inicializada (Tablas clínicas delegadas a Alembic)
2026-04-07 19:28:17 | INFO     | isalab | __init__:36 | DatabaseManager inicializado
2026-04-07 19:28:18 | INFO     | isalab | create:44 | Animal creado: PAC-001
2026-04-07 19:28:18 | INFO     | isalab | registrar_ingreso:76 | Ingreso registrado: PAC-001
2026-04-07 19:28:18 | INFO     | isalab | registrar_muestra:47 | Muestra registrada: ISA-20260407-4011
2026-04-07 19:28:18 | INFO     | isalab | actualizar_estado:61 | Estado de muestra 1 actualizado a Completado
2026-04-07 19:28:18 | ERROR    | services.pdf_service | _generar_pdf_html:39 | Error generando PDF 'laboratorio_ISA-20260407-4011.pdf': 'builtin_function_or_method' object is not iterable
2026-04-07 19:38:18 | INFO     | isalab | _initialize_database:114 | Base de datos auxiliar inicializada (Tablas clínicas delegadas a Alembic)
2026-04-07 19:38:18 | INFO     | isalab | __init__:36 | DatabaseManager inicializado
2026-04-07 19:38:18 | INFO     | isalab | create:44 | Animal creado: PAC-001
2026-04-07 19:38:18 | INFO     | isalab | registrar_ingreso:76 | Ingreso registrado: PAC-001
2026-04-07 19:38:18 | INFO     | isalab | registrar_muestra:47 | Muestra registrada: ISA-20260407-8626
2026-04-07 19:38:18 | INFO     | isalab | actualizar_estado:61 | Estado de muestra 1 actualizado a Completado
2026-04-07 19:38:20 | INFO     | services.pdf_service | _generar_pdf_html:36 | PDF generado correctamente: G:\ISALAB\pdfs\laboratorio_ISA-20260407-8626.pdf
2026-04-07 20:04:57 | INFO     | isalab | _initialize_database:114 | Base de datos auxiliar inicializada (Tablas clínicas delegadas a Alembic)
2026-04-07 20:04:57 | INFO     | isalab | __init__:36 | DatabaseManager inicializado
2026-04-07 20:04:57 | INFO     | isalab | create:44 | Animal creado: PAC-001
2026-04-07 20:04:57 | INFO     | isalab | registrar_ingreso:76 | Ingreso registrado: PAC-001
2026-04-07 20:04:57 | INFO     | isalab | registrar_muestra:47 | Muestra registrada: ISA-20260407-1698
2026-04-07 20:04:57 | INFO     | isalab | actualizar_estado:61 | Estado de muestra 1 actualizado a Completado
2026-04-07 20:04:58 | INFO     | services.pdf_service | _generar_pdf_html:36 | PDF generado correctamente: G:\ISALAB\pdfs\laboratorio_ISA-20260407-1698.pdf
2026-04-07 20:06:17 | INFO     | isalab | _initialize_database:114 | Base de datos auxiliar inicializada (Tablas clínicas delegadas a Alembic)
2026-04-07 20:06:17 | INFO     | isalab | __init__:36 | DatabaseManager inicializado
2026-04-07 20:06:17 | INFO     | isalab | create:44 | Animal creado: PAC-001
2026-04-07 20:06:17 | INFO     | isalab | registrar_ingreso:76 | Ingreso registrado: PAC-001
2026-04-07 20:06:17 | INFO     | isalab | registrar_muestra:47 | Muestra registrada: ISA-20260407-9424
2026-04-07 20:06:17 | INFO     | isalab | actualizar_estado:61 | Estado de muestra 1 actualizado a Completado
2026-04-07 20:06:19 | INFO     | services.pdf_service | _generar_pdf_html:36 | PDF generado correctamente: G:\ISALAB\pdfs\laboratorio_ISA-20260407-9424.pdf
2026-04-07 20:24:12 | INFO     | isalab | _initialize_database:114 | Base de datos auxiliar inicializada (Tablas clínicas delegadas a Alembic)
2026-04-07 20:24:12 | INFO     | isalab | __init__:36 | DatabaseManager inicializado
2026-04-07 20:24:12 | INFO     | isalab | create:44 | Animal creado: PAC-001
2026-04-07 20:24:12 | INFO     | isalab | registrar_ingreso:76 | Ingreso registrado: PAC-001
2026-04-07 20:24:12 | INFO     | isalab | registrar_muestra:47 | Muestra registrada: ISA-20260407-2236
2026-04-07 20:24:12 | INFO     | isalab | actualizar_estado:61 | Estado de muestra 1 actualizado a Completado
2026-04-07 20:24:13 | INFO     | services.pdf_service | _generar_pdf_html:36 | PDF generado correctamente: G:\ISALAB\pdfs\laboratorio_ISA-20260407-2236.pdf
2026-04-07 20:27:07 | INFO     | isalab | _initialize_database:114 | Base de datos auxiliar inicializada (Tablas clínicas delegadas a Alembic)
2026-04-07 20:27:07 | INFO     | isalab | __init__:36 | DatabaseManager inicializado
2026-04-07 20:27:07 | INFO     | isalab | create:44 | Animal creado: PAC-001
2026-04-07 20:27:07 | INFO     | isalab | registrar_ingreso:76 | Ingreso registrado: PAC-001
2026-04-07 20:27:07 | INFO     | isalab | registrar_muestra:47 | Muestra registrada: ISA-20260407-9193
2026-04-07 20:27:07 | INFO     | isalab | actualizar_estado:61 | Estado de muestra 1 actualizado a Completado
2026-04-07 20:27:08 | INFO     | services.pdf_service | _generar_pdf_html:36 | PDF generado correctamente: G:\ISALAB\pdfs\laboratorio_ISA-20260407-9193.pdf
2026-04-07 21:02:50 | INFO     | isalab | _initialize_database:114 | Base de datos auxiliar inicializada (Tablas clínicas delegadas a Alembic)
2026-04-07 21:02:50 | INFO     | isalab | __init__:36 | DatabaseManager inicializado
2026-04-07 21:02:50 | INFO     | isalab | create:44 | Animal creado: PAC-001
2026-04-07 21:02:50 | INFO     | isalab | registrar_ingreso:76 | Ingreso registrado: PAC-001
2026-04-07 21:02:50 | INFO     | isalab | registrar_muestra:47 | Muestra registrada: ISA-20260407-6370
2026-04-07 21:02:50 | INFO     | isalab | actualizar_estado:61 | Estado de muestra 1 actualizado a Completado
2026-04-07 21:02:50 | ERROR    | services.pdf_service | _generar_pdf_html:39 | Error generando PDF 'laboratorio_ISA-20260407-6370.pdf': expected token ',', got 'S'
2026-04-07 21:03:34 | INFO     | isalab | _initialize_database:114 | Base de datos auxiliar inicializada (Tablas clínicas delegadas a Alembic)
2026-04-07 21:03:34 | INFO     | isalab | __init__:36 | DatabaseManager inicializado
2026-04-07 21:03:34 | INFO     | isalab | create:44 | Animal creado: PAC-001
2026-04-07 21:03:34 | INFO     | isalab | registrar_ingreso:76 | Ingreso registrado: PAC-001
2026-04-07 21:03:34 | INFO     | isalab | registrar_muestra:47 | Muestra registrada: ISA-20260407-2249
2026-04-07 21:03:34 | INFO     | isalab | actualizar_estado:61 | Estado de muestra 1 actualizado a Completado
2026-04-07 21:03:34 | ERROR    | services.pdf_service | _generar_pdf_html:39 | Error generando PDF 'laboratorio_ISA-20260407-2249.pdf': expected token ',', got 'S'
2026-04-07 21:12:09 | INFO     | isalab | _initialize_database:114 | Base de datos auxiliar inicializada (Tablas clínicas delegadas a Alembic)
2026-04-07 21:12:09 | INFO     | isalab | __init__:36 | DatabaseManager inicializado
2026-04-07 21:12:09 | INFO     | isalab | create:44 | Animal creado: PAC-001
2026-04-07 21:12:09 | INFO     | isalab | registrar_ingreso:76 | Ingreso registrado: PAC-001
2026-04-07 21:12:09 | INFO     | isalab | registrar_muestra:47 | Muestra registrada: ISA-20260407-7014
2026-04-07 21:12:09 | INFO     | isalab | actualizar_estado:61 | Estado de muestra 1 actualizado a Completado
2026-04-07 21:12:09 | ERROR    | services.pdf_service | _generar_pdf_html:39 | Error generando PDF 'laboratorio_ISA-20260407-7014.pdf': expected token ',', got 'S'
2026-04-07 21:19:44 | INFO     | isalab | _initialize_database:114 | Base de datos auxiliar inicializada (Tablas clínicas delegadas a Alembic)
2026-04-07 21:19:44 | INFO     | isalab | __init__:36 | DatabaseManager inicializado
2026-04-07 21:19:44 | INFO     | isalab | create:44 | Animal creado: PAC-001
2026-04-07 21:19:44 | INFO     | isalab | registrar_ingreso:76 | Ingreso registrado: PAC-001
2026-04-07 21:19:44 | INFO     | isalab | registrar_muestra:47 | Muestra registrada: ISA-20260407-4418
2026-04-07 21:19:44 | INFO     | isalab | actualizar_estado:61 | Estado de muestra 1 actualizado a Completado
2026-04-07 21:19:45 | INFO     | services.pdf_service | _generar_pdf_html:36 | PDF generado correctamente: G:\ISALAB\pdfs\laboratorio_ISA-20260407-4418.pdf
2026-04-07 21:26:28 | INFO     | isalab | _initialize_database:114 | Base de datos auxiliar inicializada (Tablas clínicas delegadas a Alembic)
2026-04-07 21:26:28 | INFO     | isalab | __init__:36 | DatabaseManager inicializado
2026-04-07 21:26:28 | INFO     | isalab | create:44 | Animal creado: PAC-001
2026-04-07 21:26:28 | INFO     | isalab | registrar_ingreso:76 | Ingreso registrado: PAC-001
2026-04-07 21:26:28 | INFO     | isalab | registrar_muestra:47 | Muestra registrada: ISA-20260407-8668
2026-04-07 21:26:28 | INFO     | isalab | actualizar_estado:61 | Estado de muestra 1 actualizado a Completado
2026-04-07 21:26:29 | INFO     | services.pdf_service | _generar_pdf_html:36 | PDF generado correctamente: G:\ISALAB\pdfs\laboratorio_ISA-20260407-8668.pdf
2026-04-07 22:21:34 | INFO     | isalab | _initialize_database:114 | Base de datos auxiliar inicializada (Tablas clínicas delegadas a Alembic)
2026-04-07 22:21:34 | INFO     | isalab | __init__:36 | DatabaseManager inicializado
2026-04-07 22:21:34 | ERROR    | isalab | registrar_ingreso:82 | Error de validación Pydantic: - peso: Input should be a valid number, unable to parse string as a number
2026-04-07 22:27:43 | INFO     | isalab | _initialize_database:114 | Base de datos auxiliar inicializada (Tablas clínicas delegadas a Alembic)
2026-04-07 22:27:43 | INFO     | isalab | __init__:36 | DatabaseManager inicializado
2026-04-07 22:27:43 | INFO     | isalab | create:44 | Animal creado: PAC-002
2026-04-07 22:27:43 | INFO     | isalab | registrar_ingreso:76 | Ingreso registrado: PAC-002
2026-04-07 22:27:43 | INFO     | isalab | registrar_muestra:47 | Muestra registrada: ISA-20260407-2202
2026-04-07 22:27:45 | INFO     | services.pdf_service | generar_reporte_muestra:322 | PDF generado con ReportLab: G:\ISALAB\pdfs\laboratorio_ISA-20260407-2202.pdf
2026-04-07 22:37:35 | INFO     | isalab | _initialize_database:114 | Base de datos auxiliar inicializada (Tablas clínicas delegadas a Alembic)
2026-04-07 22:37:35 | INFO     | isalab | __init__:36 | DatabaseManager inicializado
2026-04-07 22:37:35 | INFO     | isalab | create:44 | Animal creado: PAC-003
2026-04-07 22:37:35 | INFO     | isalab | registrar_ingreso:76 | Ingreso registrado: PAC-003
2026-04-07 22:37:35 | INFO     | isalab | registrar_muestra:47 | Muestra registrada: ISA-20260407-7069
2026-04-07 22:37:38 | INFO     | services.pdf_service | generar_reporte_muestra:322 | PDF generado con ReportLab: G:\ISALAB\pdfs\laboratorio_ISA-20260407-7069.pdf
2026-04-07 22:42:04 | INFO     | isalab | _initialize_database:114 | Base de datos auxiliar inicializada (Tablas clínicas delegadas a Alembic)
2026-04-07 22:42:04 | INFO     | isalab | __init__:36 | DatabaseManager inicializado
2026-04-07 22:42:04 | INFO     | isalab | create:44 | Animal creado: PAC-004
2026-04-07 22:42:04 | INFO     | isalab | registrar_ingreso:76 | Ingreso registrado: PAC-004
2026-04-07 22:42:04 | INFO     | isalab | registrar_muestra:47 | Muestra registrada: ISA-20260407-1354
2026-04-07 22:42:06 | INFO     | services.pdf_service | generar_reporte_muestra:322 | PDF generado con ReportLab: G:\ISALAB\pdfs\laboratorio_ISA-20260407-1354.pdf
2026-04-07 22:45:46 | INFO     | isalab | _initialize_database:114 | Base de datos auxiliar inicializada (Tablas clínicas delegadas a Alembic)
2026-04-07 22:45:46 | INFO     | isalab | __init__:36 | DatabaseManager inicializado
2026-04-07 22:45:46 | INFO     | isalab | create:44 | Animal creado: PAC-005
2026-04-07 22:45:46 | INFO     | isalab | registrar_ingreso:76 | Ingreso registrado: PAC-005
2026-04-07 22:45:46 | INFO     | isalab | registrar_muestra:47 | Muestra registrada: ISA-20260407-9387
2026-04-07 22:45:49 | INFO     | services.pdf_service | generar_reporte_muestra:322 | PDF generado con ReportLab: G:\ISALAB\pdfs\laboratorio_ISA-20260407-9387.pdf
2026-04-07 23:01:40 | INFO     | isalab | _initialize_database:114 | Base de datos auxiliar inicializada (Tablas clínicas delegadas a Alembic)
2026-04-07 23:01:40 | INFO     | isalab | __init__:36 | DatabaseManager inicializado
2026-04-07 23:01:40 | INFO     | isalab | create:44 | Animal creado: PAC-006
2026-04-07 23:01:40 | INFO     | isalab | registrar_ingreso:76 | Ingreso registrado: PAC-006
2026-04-07 23:01:40 | INFO     | isalab | registrar_muestra:47 | Muestra registrada: ISA-20260407-4180
2026-04-07 23:01:42 | INFO     | services.pdf_service | generar_reporte_muestra:292 | PDF generado con ReportLab: G:\ISALAB\pdfs\laboratorio_ISA-20260407-4180.pdf
2026-04-07 23:11:21 | INFO     | isalab | _initialize_database:114 | Base de datos auxiliar inicializada (Tablas clínicas delegadas a Alembic)
2026-04-07 23:11:21 | INFO     | isalab | __init__:36 | DatabaseManager inicializado
2026-04-07 23:11:21 | INFO     | isalab | create:44 | Animal creado: PAC-007
2026-04-07 23:11:21 | INFO     | isalab | registrar_ingreso:76 | Ingreso registrado: PAC-007
2026-04-07 23:11:21 | INFO     | isalab | registrar_muestra:47 | Muestra registrada: ISA-20260407-1687
2026-04-07 23:11:23 | INFO     | services.pdf_service | generar_reporte_muestra:292 | PDF generado con ReportLab: G:\ISALAB\pdfs\laboratorio_ISA-20260407-1687.pdf
2026-04-07 23:12:57 | INFO     | isalab | _initialize_database:114 | Base de datos auxiliar inicializada (Tablas clínicas delegadas a Alembic)
2026-04-07 23:12:57 | INFO     | isalab | __init__:36 | DatabaseManager inicializado
2026-04-07 23:12:57 | INFO     | isalab | create:44 | Animal creado: PAC-008
2026-04-07 23:12:57 | INFO     | isalab | registrar_ingreso:76 | Ingreso registrado: PAC-008
2026-04-07 23:12:57 | INFO     | isalab | registrar_muestra:47 | Muestra registrada: ISA-20260407-4130
2026-04-07 23:12:59 | INFO     | services.pdf_service | generar_reporte_muestra:292 | PDF generado con ReportLab: G:\ISALAB\pdfs\laboratorio_ISA-20260407-4130.pdf
2026-04-07 23:26:51 | INFO     | isalab | _initialize_database:114 | Base de datos auxiliar inicializada (Tablas clínicas delegadas a Alembic)
2026-04-07 23:26:51 | INFO     | isalab | __init__:36 | DatabaseManager inicializado
2026-04-07 23:26:51 | INFO     | isalab | create:44 | Animal creado: PAC-009
2026-04-07 23:26:51 | INFO     | isalab | registrar_ingreso:76 | Ingreso registrado: PAC-009
2026-04-07 23:26:51 | INFO     | isalab | registrar_muestra:47 | Muestra registrada: ISA-20260407-2175
2026-04-07 23:26:51 | INFO     | services.pdf_service | generar_reporte_muestra:292 | PDF generado con ReportLab: G:\ISALAB\pdfs\laboratorio_ISA-20260407-2175.pdf
2026-04-07 23:28:28 | INFO     | isalab | _initialize_database:114 | Base de datos auxiliar inicializada (Tablas clínicas delegadas a Alembic)
2026-04-07 23:28:28 | INFO     | isalab | __init__:36 | DatabaseManager inicializado
2026-04-07 23:28:28 | INFO     | isalab | create:44 | Animal creado: PAC-010
2026-04-07 23:28:28 | INFO     | isalab | registrar_ingreso:76 | Ingreso registrado: PAC-010
2026-04-07 23:28:28 | INFO     | isalab | registrar_muestra:47 | Muestra registrada: ISA-20260407-6800
2026-04-07 23:28:28 | INFO     | services.pdf_service | generar_reporte_muestra:292 | PDF generado con ReportLab: G:\ISALAB\pdfs\laboratorio_ISA-20260407-6800.pdf
2026-04-07 23:30:21 | INFO     | isalab | _initialize_database:114 | Base de datos auxiliar inicializada (Tablas clínicas delegadas a Alembic)
2026-04-07 23:30:21 | INFO     | isalab | __init__:36 | DatabaseManager inicializado
2026-04-07 23:30:21 | INFO     | isalab | create:44 | Animal creado: PAC-011
2026-04-07 23:30:21 | INFO     | isalab | registrar_ingreso:76 | Ingreso registrado: PAC-011
2026-04-07 23:30:21 | INFO     | isalab | registrar_muestra:47 | Muestra registrada: ISA-20260407-2423
2026-04-07 23:30:21 | INFO     | services.pdf_service | generar_reporte_muestra:292 | PDF generado con ReportLab: G:\ISALAB\pdfs\laboratorio_ISA-20260407-2423.pdf
2026-04-08 00:35:06 | INFO     | isalab | _initialize_database:114 | Base de datos auxiliar inicializada (Tablas clínicas delegadas a Alembic)
2026-04-08 00:35:06 | INFO     | isalab | __init__:36 | DatabaseManager inicializado
2026-04-08 00:35:06 | INFO     | isalab | create:44 | Animal creado: PAC-012
2026-04-08 00:35:06 | INFO     | isalab | registrar_ingreso:76 | Ingreso registrado: PAC-012
2026-04-08 00:35:06 | INFO     | isalab | registrar_muestra:47 | Muestra registrada: ISA-20260408-5462
2026-04-08 00:35:07 | INFO     | services.pdf_service | generar_reporte_muestra:303 | PDF generado con ReportLab: G:\ISALAB\pdfs\laboratorio_ISA-20260408-5462.pdf
2026-04-08 20:09:19 | INFO     | isalab | main:61 | Iniciando aplicación...
2026-04-08 20:09:19 | INFO     | isalab | _initialize_database:114 | Base de datos auxiliar inicializada (Tablas clínicas delegadas a Alembic)
2026-04-08 20:09:19 | INFO     | isalab | __init__:36 | DatabaseManager inicializado
2026-04-08 20:09:28 | INFO     | isalab | autenticar:28 | Usuario autenticado: admin
2026-04-08 20:13:05 | INFO     | isalab | main:61 | Iniciando aplicación...
2026-04-08 20:13:05 | INFO     | isalab | _initialize_database:114 | Base de datos auxiliar inicializada (Tablas clínicas delegadas a Alembic)
2026-04-08 20:13:05 | INFO     | isalab | __init__:36 | DatabaseManager inicializado
2026-04-08 20:13:15 | INFO     | isalab | autenticar:28 | Usuario autenticado: admin
2026-04-08 20:15:26 | INFO     | isalab | actualizar_estado:61 | Estado de muestra 12 actualizado a Completado
2026-04-08 20:15:26 | ERROR    | isalab | wrapper:23 | Error en UI: 'PDFService' object has no attribute 'generar_reporte_muestra'
Traceback (most recent call last):
  File "G:\ISALAB\gui_pyside\components\components.py", line 19, in wrapper
    return func(*args, **kwargs)
  File "G:\ISALAB\gui_pyside\dialogs\muestra_dialog.py", line 596, in _imprimir_pdf
    ruta_pdf = pdf_service.generar_reporte_muestra(muestra_actualizada)
               ^^^^^^^^^^^^^^^^^^^^^^^^^^^^^^^^^^^
AttributeError: 'PDFService' object has no attribute 'generar_reporte_muestra'
2026-04-08 20:21:28 | INFO     | isalab | actualizar_estado:61 | Estado de muestra 12 actualizado a Completado
2026-04-08 20:23:36 | INFO     | isalab | main:61 | Iniciando aplicación...
2026-04-08 20:23:36 | INFO     | isalab | _initialize_database:114 | Base de datos auxiliar inicializada (Tablas clínicas delegadas a Alembic)
2026-04-08 20:23:36 | INFO     | isalab | __init__:36 | DatabaseManager inicializado
2026-04-08 20:23:45 | INFO     | isalab | autenticar:28 | Usuario autenticado: admin
2026-04-08 20:24:16 | ERROR    | isalab | wrapper:23 | Error en UI: cannot import name 'calcular_edad' from 'reports.helpers' (G:\ISALAB\reports\helpers.py)
Traceback (most recent call last):
  File "G:\ISALAB\gui_pyside\components\components.py", line 19, in wrapper
    return func(*args, **kwargs)
  File "G:\ISALAB\gui_pyside\dialogs\muestra_dialog.py", line 801, in _imprimir_pdf
    from services.report_laboratorio import ReporteLaboratorioService
  File "G:\ISALAB\services\report_laboratorio.py", line 10, in <module>
    from reports import (
    ...<11 lines>...
    )
  File "G:\ISALAB\reports\__init__.py", line 15, in <module>
    from reports.helpers import (
    ...<6 lines>...
    )
ImportError: cannot import name 'calcular_edad' from 'reports.helpers' (G:\ISALAB\reports\helpers.py)
2026-04-08 23:00:15 | INFO     | isalab | iniciar_sesion:27 | Iniciando aplicación...
2026-04-08 23:00:16 | INFO     | isalab | _initialize_database:114 | Base de datos auxiliar inicializada (Tablas clínicas delegadas a Alembic)
2026-04-08 23:00:16 | INFO     | isalab | __init__:36 | DatabaseManager inicializado
2026-04-08 23:00:25 | INFO     | isalab | autenticar:28 | Usuario autenticado: admin
2026-04-09 06:25:33 | INFO     | isalab | iniciar_sesion:27 | Iniciando aplicación...
2026-04-09 06:25:34 | INFO     | isalab | _initialize_database:114 | Base de datos auxiliar inicializada (Tablas clínicas delegadas a Alembic)
2026-04-09 06:25:34 | INFO     | isalab | __init__:36 | DatabaseManager inicializado
2026-04-09 06:25:59 | INFO     | isalab | autenticar:28 | Usuario autenticado: admin
2026-04-09 06:26:10 | ERROR    | isalab | wrapper:23 | Error en UI: cannot import name 'calcular_edad' from 'reports.helpers' (G:\ISALAB\reports\helpers.py)
Traceback (most recent call last):
  File "G:\ISALAB\gui_pyside\components\components.py", line 19, in wrapper
    return func(*args, **kwargs)
  File "G:\ISALAB\gui_pyside\dialogs\muestra_dialog.py", line 655, in _imprimir_pdf
    from services.report_laboratorio import ReporteLaboratorioService
  File "G:\ISALAB\services\report_laboratorio.py", line 10, in <module>
    from reports import (
    ...<11 lines>...
    )
  File "G:\ISALAB\reports\__init__.py", line 15, in <module>
    from reports.helpers import (
    ...<6 lines>...
    )
ImportError: cannot import name 'calcular_edad' from 'reports.helpers' (G:\ISALAB\reports\helpers.py)
2026-04-09 06:27:23 | INFO     | isalab | iniciar_sesion:27 | Iniciando aplicación...
2026-04-09 06:27:23 | INFO     | isalab | _initialize_database:114 | Base de datos auxiliar inicializada (Tablas clínicas delegadas a Alembic)
2026-04-09 06:27:23 | INFO     | isalab | __init__:36 | DatabaseManager inicializado
2026-04-09 06:27:33 | INFO     | isalab | autenticar:28 | Usuario autenticado: admin
2026-04-09 06:27:44 | ERROR    | isalab | wrapper:23 | Error en UI: cannot import name 'calcular_edad' from 'reports.helpers' (G:\ISALAB\reports\helpers.py)
Traceback (most recent call last):
  File "G:\ISALAB\gui_pyside\components\components.py", line 19, in wrapper
    return func(*args, **kwargs)
  File "G:\ISALAB\gui_pyside\dialogs\muestra_dialog.py", line 655, in _imprimir_pdf
    from services.report_laboratorio import ReporteLaboratorioService
  File "G:\ISALAB\services\report_laboratorio.py", line 10, in <module>
    from reports import (
    ...<11 lines>...
    )
  File "G:\ISALAB\reports\__init__.py", line 15, in <module>
    from reports.helpers import (
    ...<6 lines>...
    )
ImportError: cannot import name 'calcular_edad' from 'reports.helpers' (G:\ISALAB\reports\helpers.py)
2026-04-09 06:35:27 | INFO     | isalab | iniciar_sesion:27 | Iniciando aplicación...
2026-04-09 06:35:27 | INFO     | isalab | _initialize_database:114 | Base de datos auxiliar inicializada (Tablas clínicas delegadas a Alembic)
2026-04-09 06:35:27 | INFO     | isalab | __init__:36 | DatabaseManager inicializado
2026-04-09 06:35:35 | INFO     | isalab | autenticar:28 | Usuario autenticado: admin
2026-04-09 06:35:45 | ERROR    | isalab | wrapper:23 | Error en UI: cannot import name 'codes' from 'reportlab.graphics.barcode' (G:\ISALAB\.venv\Lib\site-packages\reportlab\graphics\barcode\__init__.py)
Traceback (most recent call last):
  File "G:\ISALAB\gui_pyside\components\components.py", line 19, in wrapper
    return func(*args, **kwargs)
  File "G:\ISALAB\gui_pyside\dialogs\muestra_dialog.py", line 655, in _imprimir_pdf
    from services.report_laboratorio import ReporteLaboratorioService
  File "G:\ISALAB\services\report_laboratorio.py", line 10, in <module>
    from reports import (
    ...<11 lines>...
    )
  File "G:\ISALAB\reports\__init__.py", line 23, in <module>
    from reports.barcode_utils import (
    ...<2 lines>...
    )
  File "G:\ISALAB\reports\barcode_utils.py", line 11, in <module>
    from reportlab.graphics.barcode import codes
ImportError: cannot import name 'codes' from 'reportlab.graphics.barcode' (G:\ISALAB\.venv\Lib\site-packages\reportlab\graphics\barcode\__init__.py)
2026-04-09 06:43:52 | INFO     | isalab | iniciar_sesion:27 | Iniciando aplicación...
2026-04-09 06:43:52 | INFO     | isalab | _initialize_database:114 | Base de datos auxiliar inicializada (Tablas clínicas delegadas a Alembic)
2026-04-09 06:43:52 | INFO     | isalab | __init__:36 | DatabaseManager inicializado
2026-04-09 06:44:02 | INFO     | isalab | autenticar:28 | Usuario autenticado: admin
2026-04-09 06:44:10 | ERROR    | isalab | wrapper:23 | Error en UI: cannot import name 'Code39' from 'reportlab.graphics.barcode.code39' (G:\ISALAB\.venv\Lib\site-packages\reportlab\graphics\barcode\code39.py)
Traceback (most recent call last):
  File "G:\ISALAB\gui_pyside\components\components.py", line 19, in wrapper
    return func(*args, **kwargs)
  File "G:\ISALAB\gui_pyside\dialogs\muestra_dialog.py", line 655, in _imprimir_pdf
    from services.report_laboratorio import ReporteLaboratorioService
  File "G:\ISALAB\services\report_laboratorio.py", line 10, in <module>
    from reports import (
    ...<11 lines>...
    )
  File "G:\ISALAB\reports\__init__.py", line 23, in <module>
    from reports.barcode_utils import (
    ...<2 lines>...
    )
  File "G:\ISALAB\reports\barcode_utils.py", line 14, in <module>
    from reportlab.graphics.barcode.code39 import Code39
ImportError: cannot import name 'Code39' from 'reportlab.graphics.barcode.code39' (G:\ISALAB\.venv\Lib\site-packages\reportlab\graphics\barcode\code39.py)
2026-04-09 06:48:40 | INFO     | isalab | iniciar_sesion:27 | Iniciando aplicación...
2026-04-09 06:48:40 | INFO     | isalab | _initialize_database:114 | Base de datos auxiliar inicializada (Tablas clínicas delegadas a Alembic)
2026-04-09 06:48:40 | INFO     | isalab | __init__:36 | DatabaseManager inicializado
2026-04-09 06:48:47 | INFO     | isalab | autenticar:28 | Usuario autenticado: admin
2026-04-09 06:48:56 | ERROR    | isalab | wrapper:23 | Error en UI: cannot import name 'calcular_edad' from 'reports' (G:\ISALAB\reports\__init__.py)
Traceback (most recent call last):
  File "G:\ISALAB\gui_pyside\components\components.py", line 19, in wrapper
    return func(*args, **kwargs)
  File "G:\ISALAB\gui_pyside\dialogs\muestra_dialog.py", line 655, in _imprimir_pdf
    from services.report_laboratorio import ReporteLaboratorioService
  File "G:\ISALAB\services\report_laboratorio.py", line 10, in <module>
    from reports import (
    ...<11 lines>...
    )
ImportError: cannot import name 'calcular_edad' from 'reports' (G:\ISALAB\reports\__init__.py)
2026-04-09 06:54:57 | INFO     | isalab | iniciar_sesion:27 | Iniciando aplicación...
2026-04-09 06:54:57 | INFO     | isalab | _initialize_database:114 | Base de datos auxiliar inicializada (Tablas clínicas delegadas a Alembic)
2026-04-09 06:54:57 | INFO     | isalab | __init__:36 | DatabaseManager inicializado
2026-04-09 06:55:04 | INFO     | isalab | autenticar:28 | Usuario autenticado: admin
2026-04-09 06:59:58 | INFO     | isalab | iniciar_sesion:27 | Iniciando aplicación...
2026-04-09 06:59:58 | INFO     | isalab | _initialize_database:114 | Base de datos auxiliar inicializada (Tablas clínicas delegadas a Alembic)
2026-04-09 06:59:58 | INFO     | isalab | __init__:36 | DatabaseManager inicializado
2026-04-09 07:00:05 | INFO     | isalab | autenticar:28 | Usuario autenticado: admin
2026-04-09 07:03:10 | INFO     | isalab | iniciar_sesion:27 | Iniciando aplicación...
2026-04-09 07:03:10 | INFO     | isalab | _initialize_database:114 | Base de datos auxiliar inicializada (Tablas clínicas delegadas a Alembic)
2026-04-09 07:03:10 | INFO     | isalab | __init__:36 | DatabaseManager inicializado
2026-04-09 07:03:18 | INFO     | isalab | autenticar:28 | Usuario autenticado: admin
2026-04-09 07:17:09 | INFO     | isalab | iniciar_sesion:27 | Iniciando aplicación...
2026-04-09 07:17:09 | INFO     | isalab | _initialize_database:114 | Base de datos auxiliar inicializada (Tablas clínicas delegadas a Alembic)
2026-04-09 07:17:09 | INFO     | isalab | __init__:36 | DatabaseManager inicializado
2026-04-09 07:17:16 | INFO     | isalab | autenticar:28 | Usuario autenticado: admin
2026-04-09 07:33:17 | INFO     | isalab | iniciar_sesion:27 | Iniciando aplicación...
2026-04-09 07:33:17 | INFO     | isalab | _initialize_database:114 | Base de datos auxiliar inicializada (Tablas clínicas delegadas a Alembic)
2026-04-09 07:33:17 | INFO     | isalab | __init__:36 | DatabaseManager inicializado
2026-04-09 07:33:28 | INFO     | isalab | autenticar:28 | Usuario autenticado: admin
2026-04-09 07:39:42 | INFO     | isalab | iniciar_sesion:27 | Iniciando aplicación...
2026-04-09 07:39:42 | INFO     | isalab | _initialize_database:114 | Base de datos auxiliar inicializada (Tablas clínicas delegadas a Alembic)
2026-04-09 07:39:42 | INFO     | isalab | __init__:36 | DatabaseManager inicializado
2026-04-09 07:39:50 | INFO     | isalab | autenticar:28 | Usuario autenticado: admin
2026-04-09 07:49:14 | INFO     | isalab | iniciar_sesion:27 | Iniciando aplicación...
2026-04-09 07:49:14 | INFO     | isalab | _initialize_database:114 | Base de datos auxiliar inicializada (Tablas clínicas delegadas a Alembic)
2026-04-09 07:49:14 | INFO     | isalab | __init__:36 | DatabaseManager inicializado
2026-04-09 07:49:22 | INFO     | isalab | autenticar:28 | Usuario autenticado: admin
2026-04-09 08:02:09 | INFO     | isalab | iniciar_sesion:27 | Iniciando aplicación...
2026-04-09 08:02:09 | INFO     | isalab | _initialize_database:114 | Base de datos auxiliar inicializada (Tablas clínicas delegadas a Alembic)
2026-04-09 08:02:09 | INFO     | isalab | __init__:36 | DatabaseManager inicializado
2026-04-09 08:02:17 | INFO     | isalab | autenticar:28 | Usuario autenticado: admin
2026-04-09 08:04:22 | INFO     | isalab | iniciar_sesion:27 | Iniciando aplicación...
2026-04-09 08:04:22 | INFO     | isalab | _initialize_database:114 | Base de datos auxiliar inicializada (Tablas clínicas delegadas a Alembic)
2026-04-09 08:04:22 | INFO     | isalab | __init__:36 | DatabaseManager inicializado
2026-04-09 08:04:38 | INFO     | isalab | autenticar:28 | Usuario autenticado: admin
2026-04-09 08:24:08 | INFO     | isalab | iniciar_sesion:27 | Iniciando aplicación...
2026-04-09 08:24:08 | INFO     | isalab | _initialize_database:114 | Base de datos auxiliar inicializada (Tablas clínicas delegadas a Alembic)
2026-04-09 08:24:08 | INFO     | isalab | __init__:36 | DatabaseManager inicializado
2026-04-09 08:24:16 | INFO     | isalab | autenticar:28 | Usuario autenticado: admin
2026-04-09 08:25:17 | INFO     | isalab | iniciar_sesion:27 | Iniciando aplicación...
2026-04-09 08:25:17 | INFO     | isalab | _initialize_database:114 | Base de datos auxiliar inicializada (Tablas clínicas delegadas a Alembic)
2026-04-09 08:25:17 | INFO     | isalab | __init__:36 | DatabaseManager inicializado
2026-04-09 08:25:24 | INFO     | isalab | autenticar:28 | Usuario autenticado: admin
2026-04-09 08:28:49 | INFO     | isalab | iniciar_sesion:27 | Iniciando aplicación...
2026-04-09 08:28:49 | INFO     | isalab | _initialize_database:114 | Base de datos auxiliar inicializada (Tablas clínicas delegadas a Alembic)
2026-04-09 08:28:49 | INFO     | isalab | __init__:36 | DatabaseManager inicializado
2026-04-09 08:28:56 | INFO     | isalab | autenticar:28 | Usuario autenticado: admin
2026-04-09 08:31:03 | INFO     | isalab | iniciar_sesion:27 | Iniciando aplicación...
2026-04-09 08:31:03 | INFO     | isalab | _initialize_database:114 | Base de datos auxiliar inicializada (Tablas clínicas delegadas a Alembic)
2026-04-09 08:31:03 | INFO     | isalab | __init__:36 | DatabaseManager inicializado
2026-04-09 08:31:10 | INFO     | isalab | autenticar:28 | Usuario autenticado: admin
2026-04-09 08:32:50 | INFO     | isalab | iniciar_sesion:27 | Iniciando aplicación...
2026-04-09 08:32:50 | INFO     | isalab | _initialize_database:114 | Base de datos auxiliar inicializada (Tablas clínicas delegadas a Alembic)
2026-04-09 08:32:50 | INFO     | isalab | __init__:36 | DatabaseManager inicializado
2026-04-09 08:34:29 | INFO     | isalab | autenticar:28 | Usuario autenticado: admin
2026-04-09 08:52:48 | INFO     | isalab | iniciar_sesion:27 | Iniciando aplicación...
2026-04-09 08:52:48 | INFO     | isalab | _initialize_database:114 | Base de datos auxiliar inicializada (Tablas clínicas delegadas a Alembic)
2026-04-09 08:52:48 | INFO     | isalab | __init__:36 | DatabaseManager inicializado
2026-04-09 08:52:54 | INFO     | isalab | autenticar:28 | Usuario autenticado: admin
2026-04-09 08:59:37 | INFO     | isalab | iniciar_sesion:27 | Iniciando aplicación...
2026-04-09 08:59:37 | INFO     | isalab | _initialize_database:114 | Base de datos auxiliar inicializada (Tablas clínicas delegadas a Alembic)
2026-04-09 08:59:37 | INFO     | isalab | __init__:36 | DatabaseManager inicializado
2026-04-09 08:59:45 | INFO     | isalab | autenticar:28 | Usuario autenticado: admin
2026-04-09 08:59:52 | ERROR    | isalab | wrapper:23 | Error en UI: invalid syntax (report_laboratorio.py, line 51)
Traceback (most recent call last):
  File "G:\ISALAB\gui_pyside\components\components.py", line 19, in wrapper
    return func(*args, **kwargs)
  File "G:\ISALAB\gui_pyside\dialogs\muestra_dialog.py", line 655, in _imprimir_pdf
    from services.report_laboratorio import ReporteLaboratorioService
  File "G:\ISALAB\services\report_laboratorio.py", line 51
    es_empresa else "laboratorio"
               ^^^^
SyntaxError: invalid syntax
2026-04-09 09:08:04 | INFO     | isalab | iniciar_sesion:27 | Iniciando aplicación...
2026-04-09 09:08:04 | INFO     | isalab | _initialize_database:114 | Base de datos auxiliar inicializada (Tablas clínicas delegadas a Alembic)
2026-04-09 09:08:04 | INFO     | isalab | __init__:36 | DatabaseManager inicializado
2026-04-09 09:08:11 | INFO     | isalab | autenticar:28 | Usuario autenticado: admin
2026-04-09 09:34:44 | INFO     | isalab | iniciar_sesion:27 | Iniciando aplicación...
2026-04-09 09:34:44 | INFO     | isalab | _initialize_database:114 | Base de datos auxiliar inicializada (Tablas clínicas delegadas a Alembic)
2026-04-09 09:34:44 | INFO     | isalab | __init__:36 | DatabaseManager inicializado
2026-04-09 09:34:56 | INFO     | isalab | autenticar:28 | Usuario autenticado: admin
2026-04-09 09:52:00 | INFO     | isalab | iniciar_sesion:27 | Iniciando aplicación...
2026-04-09 09:52:00 | INFO     | isalab | _initialize_database:114 | Base de datos auxiliar inicializada (Tablas clínicas delegadas a Alembic)
2026-04-09 09:52:00 | INFO     | isalab | __init__:36 | DatabaseManager inicializado
2026-04-09 09:52:06 | INFO     | isalab | autenticar:28 | Usuario autenticado: admin
2026-04-09 09:54:23 | INFO     | isalab | iniciar_sesion:27 | Iniciando aplicación...
2026-04-09 09:54:23 | INFO     | isalab | _initialize_database:114 | Base de datos auxiliar inicializada (Tablas clínicas delegadas a Alembic)
2026-04-09 09:54:23 | INFO     | isalab | __init__:36 | DatabaseManager inicializado
2026-04-09 09:54:29 | INFO     | isalab | autenticar:28 | Usuario autenticado: admin
2026-04-09 10:02:25 | INFO     | isalab | iniciar_sesion:27 | Iniciando aplicación...
2026-04-09 10:02:25 | INFO     | isalab | _initialize_database:114 | Base de datos auxiliar inicializada (Tablas clínicas delegadas a Alembic)
2026-04-09 10:02:25 | INFO     | isalab | __init__:36 | DatabaseManager inicializado
2026-04-09 10:02:35 | WARNING  | isalab | autenticar:25 | Intento de login fallido para usuario: admin
2026-04-09 10:02:35 | WARNING  | isalab | autenticar:25 | Intento de login fallido para usuario: admin
2026-04-09 10:02:43 | INFO     | isalab | autenticar:28 | Usuario autenticado: admin
2026-04-09 10:19:08 | INFO     | isalab | iniciar_sesion:27 | Iniciando aplicación...
2026-04-09 10:19:08 | INFO     | isalab | _initialize_database:114 | Base de datos auxiliar inicializada (Tablas clínicas delegadas a Alembic)
2026-04-09 10:19:08 | INFO     | isalab | __init__:36 | DatabaseManager inicializado
2026-04-09 10:19:17 | INFO     | isalab | autenticar:28 | Usuario autenticado: admin
2026-04-09 13:20:21 | INFO     | isalab | iniciar_sesion:27 | Iniciando aplicación...
2026-04-09 13:20:21 | INFO     | isalab | _initialize_database:114 | Base de datos auxiliar inicializada (Tablas clínicas delegadas a Alembic)
2026-04-09 13:20:21 | INFO     | isalab | __init__:36 | DatabaseManager inicializado
2026-04-09 13:20:29 | INFO     | isalab | autenticar:28 | Usuario autenticado: admin
2026-04-09 14:12:40 | INFO     | isalab | iniciar_sesion:27 | Iniciando aplicación...
2026-04-09 14:12:40 | INFO     | isalab | _initialize_database:114 | Base de datos auxiliar inicializada (Tablas clínicas delegadas a Alembic)
2026-04-09 14:12:40 | INFO     | isalab | __init__:36 | DatabaseManager inicializado
2026-04-09 14:21:34 | INFO     | isalab | autenticar:28 | Usuario autenticado: admin
2026-04-09 14:23:07 | ERROR    | isalab | wrapper:23 | Error en UI: 'ResultadoMuestraDialog' object has no attribute '_parsear_texto_a_json'
Traceback (most recent call last):
  File "G:\ISALAB\gui_pyside\components\components.py", line 19, in wrapper
    return func(*args, **kwargs)
  File "G:\ISALAB\gui_pyside\dialogs\muestra_dialog.py", line 521, in _imprimir_pdf
    resultado_final = self._parsear_texto_a_json(resultado_raw, valor_ref or "")
                      ^^^^^^^^^^^^^^^^^^^^^^^^^^
AttributeError: 'ResultadoMuestraDialog' object has no attribute '_parsear_texto_a_json'
2026-04-09 14:28:02 | INFO     | isalab | iniciar_sesion:27 | Iniciando aplicación...
2026-04-09 14:28:02 | INFO     | isalab | _initialize_database:114 | Base de datos auxiliar inicializada (Tablas clínicas delegadas a Alembic)
2026-04-09 14:28:02 | INFO     | isalab | __init__:36 | DatabaseManager inicializado
2026-04-09 14:28:30 | INFO     | isalab | autenticar:28 | Usuario autenticado: admin
2026-04-09 14:30:41 | INFO     | isalab | actualizar_estado:59 | Estado de muestra 11 actualizado a Completado
2026-04-09 14:30:43 | ERROR    | isalab | wrapper:23 | Error en UI: generar_por_tipo() takes from 1 to 2 positional arguments but 3 were given
Traceback (most recent call last):
  File "G:\ISALAB\gui_pyside\components\components.py", line 19, in wrapper
    return func(*args, **kwargs)
  File "G:\ISALAB\gui_pyside\dialogs\muestra_dialog.py", line 569, in _imprimir_pdf
    ruta_pdf = pdf_service.generar_reporte_muestra(muestra_actualizada)
  File "G:\ISALAB\services\pdf_service.py", line 45, in generar_reporte_muestra
    return svc.generar_y_guardar(
           ~~~~~~~~~~~~~~~~~~~~~^
        muestra_id=muestra.id,
        ^^^^^^^^^^^^^^^^^^^^^^
    ...<3 lines>...
        datos_empresa=datos_empresa,
        ^^^^^^^^^^^^^^^^^^^^^^^^^^^^
    )
    ^
  File "G:\ISALAB\services\report_laboratorio.py", line 84, in generar_y_guardar
    return generar_por_tipo(tipo, contexto, ruta_salida)
TypeError: generar_por_tipo() takes from 1 to 2 positional arguments but 3 were given
2026-04-09 14:35:32 | INFO     | isalab | iniciar_sesion:27 | Iniciando aplicación...
2026-04-09 14:35:32 | INFO     | isalab | _initialize_database:114 | Base de datos auxiliar inicializada (Tablas clínicas delegadas a Alembic)
2026-04-09 14:35:32 | INFO     | isalab | __init__:36 | DatabaseManager inicializado
2026-04-09 14:35:41 | INFO     | isalab | autenticar:28 | Usuario autenticado: admin
2026-04-09 14:36:54 | INFO     | isalab | actualizar_estado:59 | Estado de muestra 10 actualizado a Completado
2026-04-09 16:20:08 | INFO     | isalab | iniciar_sesion:27 | Iniciando aplicación...
2026-04-09 16:20:08 | INFO     | isalab | _initialize_database:114 | Base de datos auxiliar inicializada (Tablas clínicas delegadas a Alembic)
2026-04-09 16:20:08 | INFO     | isalab | __init__:36 | DatabaseManager inicializado
2026-04-09 16:20:15 | INFO     | isalab | autenticar:28 | Usuario autenticado: admin
2026-04-09 16:21:56 | INFO     | isalab | actualizar_estado:59 | Estado de muestra 9 actualizado a Completado
2026-04-09 16:55:10 | INFO     | isalab | iniciar_sesion:27 | Iniciando aplicación...
2026-04-09 16:55:10 | INFO     | isalab | _initialize_database:114 | Base de datos auxiliar inicializada (Tablas clínicas delegadas a Alembic)
2026-04-09 16:55:10 | INFO     | isalab | __init__:36 | DatabaseManager inicializado
2026-04-09 16:55:20 | INFO     | isalab | autenticar:28 | Usuario autenticado: admin
2026-04-09 16:57:08 | INFO     | isalab | actualizar_estado:59 | Estado de muestra 9 actualizado a Completado
2026-04-09 17:05:28 | INFO     | isalab | actualizar_estado:59 | Estado de muestra 8 actualizado a Completado
2026-04-09 17:17:12 | INFO     | isalab | actualizar_estado:59 | Estado de muestra 8 actualizado a Completado
2026-04-09 17:33:58 | INFO     | isalab | iniciar_sesion:27 | Iniciando aplicación...
2026-04-09 17:33:58 | INFO     | isalab | _initialize_database:114 | Base de datos auxiliar inicializada (Tablas clínicas delegadas a Alembic)
2026-04-09 17:33:58 | INFO     | isalab | __init__:36 | DatabaseManager inicializado
2026-04-09 17:34:08 | INFO     | isalab | autenticar:28 | Usuario autenticado: admin
2026-04-09 17:34:42 | ERROR    | isalab | wrapper:23 | Error en UI: 'ResultadoMuestraDialog' object has no attribute 'ref_text'
Traceback (most recent call last):
  File "G:\ISALAB\gui_pyside\components\components.py", line 19, in wrapper
    return func(*args, **kwargs)
  File "G:\ISALAB\gui_pyside\dialogs\muestra_dialog.py", line 700, in _imprimir_pdf
    valor_ref = self.ref_text.toPlainText().strip() or None
                ^^^^^^^^^^^^^
AttributeError: 'ResultadoMuestraDialog' object has no attribute 'ref_text'
2026-04-09 17:42:23 | INFO     | isalab | iniciar_sesion:27 | Iniciando aplicación...
2026-04-09 17:42:23 | INFO     | isalab | _initialize_database:114 | Base de datos auxiliar inicializada (Tablas clínicas delegadas a Alembic)
2026-04-09 17:42:23 | INFO     | isalab | __init__:36 | DatabaseManager inicializado
2026-04-09 17:42:30 | INFO     | isalab | autenticar:28 | Usuario autenticado: admin
2026-04-09 17:42:39 | ERROR    | isalab | wrapper:23 | Error en UI: name 'valor_ref' is not defined
Traceback (most recent call last):
  File "G:\ISALAB\gui_pyside\components\components.py", line 19, in wrapper
    return func(*args, **kwargs)
  File "G:\ISALAB\gui_pyside\dialogs\muestra_dialog.py", line 701, in _imprimir_pdf
    self.service.actualizar_estado(self.muestra_id, estado, resultado_final, valor_ref)
                                                                             ^^^^^^^^^
NameError: name 'valor_ref' is not defined
2026-04-09 17:43:43 | INFO     | isalab | iniciar_sesion:27 | Iniciando aplicación...
2026-04-09 17:43:43 | INFO     | isalab | _initialize_database:114 | Base de datos auxiliar inicializada (Tablas clínicas delegadas a Alembic)
2026-04-09 17:43:43 | INFO     | isalab | __init__:36 | DatabaseManager inicializado
2026-04-09 17:43:50 | INFO     | isalab | autenticar:28 | Usuario autenticado: admin
2026-04-09 17:43:57 | INFO     | isalab | actualizar_estado:59 | Estado de muestra 8 actualizado a Completado
2026-04-09 18:40:28 | INFO     | isalab | iniciar_sesion:27 | Iniciando aplicación...
2026-04-09 18:40:28 | INFO     | isalab | _initialize_database:114 | Base de datos auxiliar inicializada (Tablas clínicas delegadas a Alembic)
2026-04-09 18:40:28 | INFO     | isalab | __init__:36 | DatabaseManager inicializado
2026-04-09 18:40:34 | INFO     | isalab | autenticar:28 | Usuario autenticado: admin
2026-04-09 18:46:44 | INFO     | isalab | iniciar_sesion:27 | Iniciando aplicación...
2026-04-09 18:46:44 | INFO     | isalab | _initialize_database:114 | Base de datos auxiliar inicializada (Tablas clínicas delegadas a Alembic)
2026-04-09 18:46:44 | INFO     | isalab | __init__:36 | DatabaseManager inicializado
2026-04-09 18:46:52 | INFO     | isalab | autenticar:28 | Usuario autenticado: admin
2026-04-09 18:54:44 | INFO     | isalab | iniciar_sesion:27 | Iniciando aplicación...
2026-04-09 18:54:44 | INFO     | isalab | _initialize_database:114 | Base de datos auxiliar inicializada (Tablas clínicas delegadas a Alembic)
2026-04-09 18:54:44 | INFO     | isalab | __init__:36 | DatabaseManager inicializado
2026-04-09 18:54:54 | INFO     | isalab | autenticar:28 | Usuario autenticado: admin
2026-04-09 19:13:43 | INFO     | isalab | iniciar_sesion:27 | Iniciando aplicación...
2026-04-09 19:13:43 | INFO     | isalab | _initialize_database:114 | Base de datos auxiliar inicializada (Tablas clínicas delegadas a Alembic)
2026-04-09 19:13:43 | INFO     | isalab | __init__:36 | DatabaseManager inicializado
2026-04-09 19:14:06 | INFO     | isalab | autenticar:28 | Usuario autenticado: admin
2026-04-09 19:17:27 | INFO     | isalab | iniciar_sesion:27 | Iniciando aplicación...
2026-04-09 19:17:27 | INFO     | isalab | _initialize_database:114 | Base de datos auxiliar inicializada (Tablas clínicas delegadas a Alembic)
2026-04-09 19:17:27 | INFO     | isalab | __init__:36 | DatabaseManager inicializado
2026-04-09 19:17:34 | INFO     | isalab | autenticar:28 | Usuario autenticado: admin
2026-04-09 19:21:03 | INFO     | isalab | iniciar_sesion:27 | Iniciando aplicación...
2026-04-09 19:21:03 | INFO     | isalab | _initialize_database:114 | Base de datos auxiliar inicializada (Tablas clínicas delegadas a Alembic)
2026-04-09 19:21:03 | INFO     | isalab | __init__:36 | DatabaseManager inicializado
2026-04-09 19:21:14 | INFO     | isalab | autenticar:28 | Usuario autenticado: admin
2026-04-09 19:25:50 | INFO     | isalab | iniciar_sesion:27 | Iniciando aplicación...
2026-04-09 19:25:50 | INFO     | isalab | _initialize_database:114 | Base de datos auxiliar inicializada (Tablas clínicas delegadas a Alembic)
2026-04-09 19:25:50 | INFO     | isalab | __init__:36 | DatabaseManager inicializado
2026-04-09 19:25:56 | INFO     | isalab | autenticar:28 | Usuario autenticado: admin
2026-04-09 19:26:25 | INFO     | isalab | actualizar_estado:59 | Estado de muestra 8 actualizado a Completado
2026-04-09 19:26:31 | ERROR    | isalab | wrapper:23 | Error en UI: [Errno 13] Permission denied: 'data/pdfs\\LAB_ISA-20260407-4130.pdf'
Traceback (most recent call last):
  File "G:\ISALAB\gui_pyside\components\components.py", line 19, in wrapper
    return func(*args, **kwargs)
  File "G:\ISALAB\gui_pyside\dialogs\muestra_dialog.py", line 720, in _imprimir_pdf
    with open(filepath, "wb") as f:
         ~~~~^^^^^^^^^^^^^^^^
PermissionError: [Errno 13] Permission denied: 'data/pdfs\\LAB_ISA-20260407-4130.pdf'
2026-04-09 19:26:42 | INFO     | isalab | actualizar_estado:59 | Estado de muestra 8 actualizado a Completado
2026-04-09 20:01:56 | INFO     | isalab | actualizar_estado:59 | Estado de muestra 7 actualizado a Completado
2026-04-09 22:13:31 | INFO     | isalab | iniciar_sesion:27 | Iniciando aplicación...
2026-04-09 22:13:31 | INFO     | isalab | _initialize_database:114 | Base de datos auxiliar inicializada (Tablas clínicas delegadas a Alembic)
2026-04-09 22:13:31 | INFO     | isalab | __init__:36 | DatabaseManager inicializado
2026-04-09 22:13:42 | INFO     | isalab | autenticar:28 | Usuario autenticado: admin
2026-04-10 10:19:52 | INFO     | isalab | iniciar_sesion:27 | Iniciando aplicación...
2026-04-10 10:19:52 | INFO     | isalab | _initialize_database:114 | Base de datos auxiliar inicializada (Tablas clínicas delegadas a Alembic)
2026-04-10 10:19:52 | INFO     | isalab | __init__:36 | DatabaseManager inicializado
2026-04-10 10:20:10 | INFO     | isalab | autenticar:28 | Usuario autenticado: admin
2026-04-10 10:43:50 | INFO     | isalab | iniciar_sesion:27 | Iniciando aplicación...
2026-04-10 10:43:50 | INFO     | isalab | _initialize_database:114 | Base de datos auxiliar inicializada (Tablas clínicas delegadas a Alembic)
2026-04-10 10:43:50 | INFO     | isalab | __init__:36 | DatabaseManager inicializado
2026-04-10 10:46:17 | INFO     | isalab | autenticar:28 | Usuario autenticado: admin
2026-04-10 11:14:32 | INFO     | isalab | iniciar_sesion:27 | Iniciando aplicación...
2026-04-10 11:14:32 | INFO     | isalab | _initialize_database:114 | Base de datos auxiliar inicializada (Tablas clínicas delegadas a Alembic)
2026-04-10 11:14:32 | INFO     | isalab | __init__:36 | DatabaseManager inicializado
2026-04-10 11:15:02 | INFO     | isalab | autenticar:28 | Usuario autenticado: admin
2026-04-10 11:59:41 | INFO     | isalab | iniciar_sesion:27 | Iniciando aplicación...
2026-04-10 11:59:41 | INFO     | isalab | _initialize_database:114 | Base de datos auxiliar inicializada (Tablas clínicas delegadas a Alembic)
2026-04-10 11:59:41 | INFO     | isalab | __init__:36 | DatabaseManager inicializado
2026-04-10 11:59:52 | INFO     | isalab | autenticar:28 | Usuario autenticado: admin
2026-04-10 12:31:57 | INFO     | isalab | iniciar_sesion:27 | Iniciando aplicación...
2026-04-10 12:31:57 | INFO     | isalab | _initialize_database:114 | Base de datos auxiliar inicializada (Tablas clínicas delegadas a Alembic)
2026-04-10 12:31:57 | INFO     | isalab | __init__:36 | DatabaseManager inicializado
2026-04-10 12:32:10 | INFO     | isalab | autenticar:28 | Usuario autenticado: admin
2026-04-10 13:17:51 | INFO     | isalab | iniciar_sesion:27 | Iniciando aplicación...
2026-04-10 13:17:51 | INFO     | isalab | _initialize_database:114 | Base de datos auxiliar inicializada (Tablas clínicas delegadas a Alembic)
2026-04-10 13:17:51 | INFO     | isalab | __init__:36 | DatabaseManager inicializado
2026-04-10 13:17:59 | INFO     | isalab | autenticar:28 | Usuario autenticado: admin
2026-04-10 15:19:34 | INFO     | isalab | iniciar_sesion:27 | Iniciando aplicación...
2026-04-10 15:19:34 | INFO     | isalab | _initialize_database:114 | Base de datos auxiliar inicializada (Tablas clínicas delegadas a Alembic)
2026-04-10 15:19:34 | INFO     | isalab | __init__:36 | DatabaseManager inicializado
2026-04-10 15:19:42 | INFO     | isalab | autenticar:28 | Usuario autenticado: admin
2026-04-10 15:36:48 | INFO     | isalab | iniciar_sesion:27 | Iniciando aplicación...
2026-04-10 15:36:48 | INFO     | isalab | _initialize_database:114 | Base de datos auxiliar inicializada (Tablas clínicas delegadas a Alembic)
2026-04-10 15:36:48 | INFO     | isalab | __init__:36 | DatabaseManager inicializado
2026-04-10 15:36:55 | INFO     | isalab | autenticar:28 | Usuario autenticado: admin
2026-04-10 15:40:36 | ERROR    | isalab | wrapper:23 | Error en UI: 'NuevaMuestraDialog' object has no attribute 'estado'
Traceback (most recent call last):
  File "G:\ISALAB\gui_pyside\components\components.py", line 19, in wrapper
    return func(*args, **kwargs)
  File "G:\ISALAB\gui_pyside\dialogs\muestra_dialog.py", line 314, in _guardar
    estado = self.estado.currentText()
             ^^^^^^^^^^^
AttributeError: 'NuevaMuestraDialog' object has no attribute 'estado'
2026-04-10 15:45:37 | INFO     | isalab | iniciar_sesion:27 | Iniciando aplicación...
2026-04-10 15:45:37 | INFO     | isalab | _initialize_database:114 | Base de datos auxiliar inicializada (Tablas clínicas delegadas a Alembic)
2026-04-10 15:45:37 | INFO     | isalab | __init__:36 | DatabaseManager inicializado
2026-04-10 15:45:45 | INFO     | isalab | autenticar:28 | Usuario autenticado: admin
2026-04-10 15:46:24 | INFO     | isalab | registrar_muestra:45 | Muestra registrada: ISA-20260410-7801
2026-04-10 15:47:16 | INFO     | isalab | actualizar_estado:59 | Estado de muestra 13 actualizado a Completado
2026-04-10 17:13:33 | INFO     | isalab | iniciar_sesion:27 | Iniciando aplicación...
2026-04-10 17:13:33 | INFO     | isalab | _initialize_database:114 | Base de datos auxiliar inicializada (Tablas clínicas delegadas a Alembic)
2026-04-10 17:13:33 | INFO     | isalab | __init__:36 | DatabaseManager inicializado
2026-04-10 17:13:40 | INFO     | isalab | autenticar:28 | Usuario autenticado: admin
2026-04-10 17:45:36 | INFO     | isalab | iniciar_sesion:27 | Iniciando aplicación...
2026-04-10 17:45:36 | INFO     | isalab | _initialize_database:114 | Base de datos auxiliar inicializada (Tablas clínicas delegadas a Alembic)
2026-04-10 17:45:36 | INFO     | isalab | __init__:36 | DatabaseManager inicializado
2026-04-10 17:45:42 | INFO     | isalab | autenticar:28 | Usuario autenticado: admin
2026-04-10 17:51:46 | INFO     | isalab | iniciar_sesion:27 | Iniciando aplicación...
2026-04-10 17:51:46 | INFO     | isalab | _initialize_database:114 | Base de datos auxiliar inicializada (Tablas clínicas delegadas a Alembic)
2026-04-10 17:51:46 | INFO     | isalab | __init__:36 | DatabaseManager inicializado
2026-04-10 17:51:51 | INFO     | isalab | autenticar:28 | Usuario autenticado: admin
2026-04-10 18:16:26 | INFO     | isalab | iniciar_sesion:27 | Iniciando aplicación...
2026-04-10 18:16:26 | INFO     | isalab | _initialize_database:114 | Base de datos auxiliar inicializada (Tablas clínicas delegadas a Alembic)
2026-04-10 18:16:26 | INFO     | isalab | __init__:36 | DatabaseManager inicializado
2026-04-10 18:16:38 | INFO     | isalab | autenticar:28 | Usuario autenticado: admin
2026-04-10 19:09:34 | INFO     | isalab | iniciar_sesion:27 | Iniciando aplicación...
2026-04-10 19:09:34 | INFO     | isalab | _initialize_database:114 | Base de datos auxiliar inicializada (Tablas clínicas delegadas a Alembic)
2026-04-10 19:09:34 | INFO     | isalab | __init__:36 | DatabaseManager inicializado
2026-04-10 19:09:41 | INFO     | isalab | autenticar:28 | Usuario autenticado: admin
2026-04-10 19:22:41 | INFO     | isalab | iniciar_sesion:27 | Iniciando aplicación...
2026-04-10 19:22:41 | INFO     | isalab | _initialize_database:114 | Base de datos auxiliar inicializada (Tablas clínicas delegadas a Alembic)
2026-04-10 19:22:41 | INFO     | isalab | __init__:36 | DatabaseManager inicializado
2026-04-10 19:22:52 | WARNING  | isalab | autenticar:25 | Intento de login fallido para usuario: admin
2026-04-10 19:22:52 | WARNING  | isalab | autenticar:25 | Intento de login fallido para usuario: admin
2026-04-10 19:23:01 | INFO     | isalab | autenticar:28 | Usuario autenticado: admin
2026-04-10 19:29:36 | INFO     | isalab | iniciar_sesion:27 | Iniciando aplicación...
2026-04-10 19:29:36 | INFO     | isalab | _initialize_database:114 | Base de datos auxiliar inicializada (Tablas clínicas delegadas a Alembic)
2026-04-10 19:29:36 | INFO     | isalab | __init__:36 | DatabaseManager inicializado
2026-04-10 19:30:15 | INFO     | isalab | autenticar:28 | Usuario autenticado: admin
2026-04-12 19:35:40 | INFO     | isalab | iniciar_sesion:27 | Iniciando aplicación...
2026-04-12 19:35:40 | INFO     | isalab | _initialize_database:114 | Base de datos auxiliar inicializada (Tablas clínicas delegadas a Alembic)
2026-04-12 19:35:40 | INFO     | isalab | __init__:36 | DatabaseManager inicializado
2026-04-12 19:35:47 | INFO     | isalab | autenticar:28 | Usuario autenticado: admin
2026-04-12 20:09:48 | INFO     | isalab | iniciar_sesion:27 | Iniciando aplicación...
2026-04-12 20:09:48 | INFO     | isalab | _initialize_database:114 | Base de datos auxiliar inicializada (Tablas clínicas delegadas a Alembic)
2026-04-12 20:09:48 | INFO     | isalab | __init__:36 | DatabaseManager inicializado
2026-04-12 20:09:59 | INFO     | isalab | autenticar:28 | Usuario autenticado: admin
2026-04-15 23:12:17 | INFO     | isalab | iniciar_sesion:27 | Iniciando aplicación...
2026-04-15 23:12:17 | INFO     | isalab | _initialize_database:114 | Base de datos auxiliar inicializada (Tablas clínicas delegadas a Alembic)
2026-04-15 23:12:17 | INFO     | isalab | __init__:36 | DatabaseManager inicializado
2026-04-15 23:12:24 | INFO     | isalab | autenticar:28 | Usuario autenticado: admin
2026-04-15 23:14:41 | ERROR    | isalab | wrapper:23 | Error en UI: cannot import name 'calcular_edad' from 'reports.helpers' (G:\ISALAB\reports\helpers.py)
Traceback (most recent call last):
  File "G:\ISALAB\gui_pyside\components\components.py", line 19, in wrapper
    return func(*args, **kwargs)
  File "G:\ISALAB\gui_pyside\dialogs\muestra_dialog.py", line 935, in _imprimir_pdf
    from services.report_laboratorio import ReporteLaboratorioService
  File "G:\ISALAB\services\report_laboratorio.py", line 10, in <module>
    from reports import (
    ...<11 lines>...
    )
  File "G:\ISALAB\reports\__init__.py", line 15, in <module>
    from reports.helpers import (
    ...<6 lines>...
    )
ImportError: cannot import name 'calcular_edad' from 'reports.helpers' (G:\ISALAB\reports\helpers.py)
2026-04-15 23:22:02 | INFO     | isalab | iniciar_sesion:27 | Iniciando aplicación...
2026-04-15 23:22:02 | INFO     | isalab | _initialize_database:114 | Base de datos auxiliar inicializada (Tablas clínicas delegadas a Alembic)
2026-04-15 23:22:02 | INFO     | isalab | __init__:36 | DatabaseManager inicializado
2026-04-15 23:22:11 | INFO     | isalab | autenticar:28 | Usuario autenticado: admin
2026-04-15 23:34:34 | INFO     | isalab | iniciar_sesion:27 | Iniciando aplicación...
2026-04-15 23:34:34 | INFO     | isalab | _initialize_database:114 | Base de datos auxiliar inicializada (Tablas clínicas delegadas a Alembic)
2026-04-15 23:34:34 | INFO     | isalab | __init__:36 | DatabaseManager inicializado
2026-04-15 23:34:41 | INFO     | isalab | autenticar:28 | Usuario autenticado: admin
2026-04-15 23:58:46 | INFO     | isalab | _initialize_database:111 | Base de datos auxiliar inicializada (Tablas clínicas delegadas a Alembic)
2026-04-15 23:58:46 | INFO     | isalab | _initialize_database:112 | NOTA: No hay usuarios creados. Ejecute el instalador de primera ejecución.
2026-04-15 23:58:46 | INFO     | isalab | __init__:36 | DatabaseManager inicializado
2026-04-15 23:58:46 | INFO     | isalab | iniciar_sesion:63 | Iniciando aplicación...
2026-04-15 23:58:58 | WARNING  | isalab | autenticar:42 | Intento de login fallido para usuario: admin
2026-04-15 23:58:58 | WARNING  | isalab | autenticar:42 | Intento de login fallido para usuario: admin
2026-04-15 23:59:11 | WARNING  | isalab | autenticar:42 | Intento de login fallido para usuario: admin
2026-04-15 23:59:11 | WARNING  | isalab | autenticar:42 | Intento de login fallido para usuario: admin
2026-04-15 23:59:19 | INFO     | isalab | iniciar_sesion:69 | Login cancelado
2026-04-16 00:11:09 | INFO     | isalab | _initialize_database:111 | Base de datos auxiliar inicializada (Tablas clínicas delegadas a Alembic)
2026-04-16 00:11:09 | INFO     | isalab | _initialize_database:112 | NOTA: No hay usuarios creados. Ejecute el instalador de primera ejecución.
2026-04-16 00:11:09 | INFO     | isalab | __init__:36 | DatabaseManager inicializado
2026-04-16 00:11:09 | INFO     | isalab | iniciar_sesion:63 | Iniciando aplicación...
2026-04-16 00:11:16 | INFO     | isalab | autenticar:46 | Usuario autenticado: admin
2026-04-16 00:11:21 | WARNING  | isalab | require_role:166 | Acceso denegado: usuario 'None' (rol: None) intentó acceder a función que requiere rol 'admin'
2026-04-16 00:11:21 | ERROR    | isalab | wrapper:23 | Error en UI: No tiene permisos para realizar esta acción. Se requiere rol: admin
Traceback (most recent call last):
  File "G:\ISALAB\gui_pyside\components\components.py", line 19, in wrapper
    return func(*args, **kwargs)
  File "G:\ISALAB\gui_pyside\views\usuarios.py", line 82, in _cargar_datos
    usuarios = self.service.listar_usuarios(solo_activos)
  File "G:\ISALAB\services\usuario_service.py", line 162, in listar_usuarios
    self._verificar_admin()
    ~~~~~~~~~~~~~~~~~~~~~^^
  File "G:\ISALAB\services\usuario_service.py", line 30, in _verificar_admin
    self.authorizer.require_role('admin')
    ~~~~~~~~~~~~~~~~~~~~~~~~~~~~^^^^^^^^^
  File "G:\ISALAB\utils\security.py", line 171, in require_role
    raise PermissionError(
    ...<2 lines>...
    )
utils.security.PermissionError: No tiene permisos para realizar esta acción. Se requiere rol: admin
2026-04-16 00:11:36 | WARNING  | isalab | require_role:166 | Acceso denegado: usuario 'None' (rol: None) intentó acceder a función que requiere rol 'admin'
2026-04-16 00:11:36 | ERROR    | isalab | wrapper:23 | Error en UI: No tiene permisos para realizar esta acción. Se requiere rol: admin
Traceback (most recent call last):
  File "G:\ISALAB\gui_pyside\components\components.py", line 19, in wrapper
    return func(*args, **kwargs)
  File "G:\ISALAB\gui_pyside\views\usuarios.py", line 82, in _cargar_datos
    usuarios = self.service.listar_usuarios(solo_activos)
  File "G:\ISALAB\services\usuario_service.py", line 162, in listar_usuarios
    self._verificar_admin()
    ~~~~~~~~~~~~~~~~~~~~~^^
  File "G:\ISALAB\services\usuario_service.py", line 30, in _verificar_admin
    self.authorizer.require_role('admin')
    ~~~~~~~~~~~~~~~~~~~~~~~~~~~~^^^^^^^^^
  File "G:\ISALAB\utils\security.py", line 171, in require_role
    raise PermissionError(
    ...<2 lines>...
    )
utils.security.PermissionError: No tiene permisos para realizar esta acción. Se requiere rol: admin
2026-04-16 00:16:05 | INFO     | isalab | _initialize_database:111 | Base de datos auxiliar inicializada (Tablas clínicas delegadas a Alembic)
2026-04-16 00:16:05 | INFO     | isalab | _initialize_database:112 | NOTA: No hay usuarios creados. Ejecute el instalador de primera ejecución.
2026-04-16 00:16:05 | INFO     | isalab | __init__:36 | DatabaseManager inicializado
2026-04-16 00:16:05 | INFO     | isalab | iniciar_sesion:63 | Iniciando aplicación...
2026-04-16 00:16:12 | INFO     | isalab | autenticar:38 | Intentando autenticar usuario: admin
2026-04-16 00:16:12 | INFO     | isalab | autenticar:51 | Usuario autenticado exitosamente: admin, rol: admin
2026-04-16 00:16:12 | INFO     | isalab | __init__:60 | LabVetApp inicializado con usuario: {'id': 1, 'username': 'admin', 'nombre': 'Administrador', 'rol': 'admin'}
2026-04-16 00:16:14 | INFO     | isalab | _show_usuarios:336 | _show_usuarios: self.usuario = {'id': 1, 'username': 'admin', 'nombre': 'Administrador', 'rol': 'admin'}
2026-04-16 12:57:47 | INFO     | isalab | _initialize_database:111 | Base de datos auxiliar inicializada (Tablas clínicas delegadas a Alembic)
2026-04-16 12:57:47 | INFO     | isalab | _initialize_database:112 | NOTA: No hay usuarios creados. Ejecute el instalador de primera ejecución.
2026-04-16 12:57:47 | INFO     | isalab | __init__:36 | DatabaseManager inicializado
2026-04-16 12:57:47 | INFO     | isalab | iniciar_sesion:63 | Iniciando aplicación...
2026-04-16 12:57:49 | INFO     | isalab | iniciar_sesion:69 | Login cancelado
2026-04-16 18:41:38 | INFO     | isalab | _initialize_database:111 | Base de datos auxiliar inicializada (Tablas clínicas delegadas a Alembic)
2026-04-16 18:41:38 | INFO     | isalab | _initialize_database:112 | NOTA: No hay usuarios creados. Ejecute el instalador de primera ejecución.
2026-04-16 18:41:38 | INFO     | isalab | __init__:36 | DatabaseManager inicializado
2026-04-16 18:41:38 | INFO     | isalab | iniciar_sesion:63 | Iniciando aplicación...
2026-04-16 18:41:46 | INFO     | isalab | autenticar:38 | Intentando autenticar usuario: admin
2026-04-16 18:41:46 | INFO     | isalab | autenticar:51 | Usuario autenticado exitosamente: admin, rol: admin
2026-04-16 18:41:46 | INFO     | isalab | __init__:60 | LabVetApp inicializado con usuario: {'id': 1, 'username': 'admin', 'nombre': 'Administrador', 'rol': 'admin'}
2026-04-16 21:24:26 | INFO     | isalab | _initialize_database:111 | Base de datos auxiliar inicializada (Tablas clínicas delegadas a Alembic)
2026-04-16 21:24:26 | INFO     | isalab | _initialize_database:112 | NOTA: No hay usuarios creados. Ejecute el instalador de primera ejecución.
2026-04-16 21:24:26 | INFO     | isalab | __init__:36 | DatabaseManager inicializado
2026-04-16 21:24:26 | INFO     | isalab | verificar_salud_base_datos:109 | Health check DB: ['animales', 'usuarios', 'recepciones', 'muestras', 'historias_clinicas']
2026-04-16 21:24:30 | INFO     | isalab | iniciar_sesion:133 | Iniciando aplicación...
2026-04-16 21:25:11 | INFO     | isalab | autenticar:38 | Intentando autenticar usuario: admin
2026-04-16 21:25:11 | INFO     | isalab | autenticar:51 | Usuario autenticado exitosamente: admin, rol: admin
2026-04-16 21:25:11 | INFO     | isalab | __init__:60 | LabVetApp inicializado con usuario: {'id': 1, 'username': 'admin', 'nombre': 'Administrador', 'rol': 'admin'}
2026-04-16 21:25:17 | INFO     | isalab | close_all_connections:232 | Conexiones de base de datos cerradas
2026-04-16 21:27:50 | INFO     | isalab | _initialize_database:111 | Base de datos auxiliar inicializada (Tablas clínicas delegadas a Alembic)
2026-04-16 21:27:50 | INFO     | isalab | _initialize_database:112 | NOTA: No hay usuarios creados. Ejecute el instalador de primera ejecución.
2026-04-16 21:27:50 | INFO     | isalab | __init__:36 | DatabaseManager inicializado
2026-04-16 21:27:50 | INFO     | isalab | verificar_salud_base_datos:109 | Health check DB: ['animales', 'usuarios', 'recepciones', 'muestras', 'historias_clinicas']
2026-04-16 21:27:50 | INFO     | isalab | main:182 | Icono cargado desde G:\ISALAB\assets\icono.ico
2026-04-16 21:27:53 | INFO     | isalab | iniciar_sesion:133 | Iniciando aplicación...
2026-04-16 21:28:00 | INFO     | isalab | autenticar:38 | Intentando autenticar usuario: admin
2026-04-16 21:28:00 | INFO     | isalab | autenticar:51 | Usuario autenticado exitosamente: admin, rol: admin
2026-04-16 21:28:00 | INFO     | isalab | __init__:60 | LabVetApp inicializado con usuario: {'id': 1, 'username': 'admin', 'nombre': 'Administrador', 'rol': 'admin'}
2026-04-16 21:28:12 | DEBUG    | isalab | populate:141 | DataTable: Cargando 13 filas
2026-04-16 21:28:12 | DEBUG    | isalab | populate:166 | DataTable: 13 filas mostradas
2026-04-16 21:38:12 | INFO     | isalab | close_all_connections:232 | Conexiones de base de datos cerradas
2026-04-16 21:40:31 | INFO     | isalab | _initialize_database:111 | Base de datos auxiliar inicializada (Tablas clínicas delegadas a Alembic)
2026-04-16 21:40:31 | INFO     | isalab | _initialize_database:112 | NOTA: No hay usuarios creados. Ejecute el instalador de primera ejecución.
2026-04-16 21:40:31 | INFO     | isalab | __init__:36 | DatabaseManager inicializado
2026-04-16 21:40:31 | INFO     | isalab | verificar_salud_base_datos:109 | Health check DB: ['animales', 'usuarios', 'recepciones', 'muestras', 'historias_clinicas']
2026-04-16 21:40:31 | INFO     | isalab | main:182 | Icono cargado desde G:\ISALAB\assets\icono.ico
2026-04-16 21:40:34 | INFO     | isalab | iniciar_sesion:133 | Iniciando aplicación...
2026-04-16 21:40:40 | INFO     | isalab | autenticar:38 | Intentando autenticar usuario: admin
2026-04-16 21:40:40 | INFO     | isalab | autenticar:51 | Usuario autenticado exitosamente: admin, rol: admin
2026-04-16 21:40:40 | INFO     | isalab | __init__:60 | LabVetApp inicializado con usuario: {'id': 1, 'username': 'admin', 'nombre': 'Administrador', 'rol': 'admin'}
2026-04-16 21:40:42 | DEBUG    | isalab | _cargar_datos:300 | RecepcionView: 0 registros recibidos
2026-04-16 21:40:42 | DEBUG    | isalab | populate:138 | DataTable: No hay datos para mostrar
2026-04-16 21:41:40 | ERROR    | isalab | wrapper:26 | Error en UI: Datos inválidos en recepción:
- codigo: Field required
Traceback (most recent call last):
  File "G:\ISALAB\services\recepcion_service.py", line 38, in registrar_recepcion
    datos_validados = RecepcionSchema(**data)
  File "G:\ISALAB\.venv\Lib\site-packages\pydantic\main.py", line 250, in __init__
    validated_self = self.__pydantic_validator__.validate_python(data, self_instance=self)
pydantic_core._pydantic_core.ValidationError: 1 validation error for RecepcionSchema
codigo
  Field required [type=missing, input_value={'animal_id': 12, 'motivo...ra': '2026-04-16 21:40'}, input_type=dict]
    For further information visit https://errors.pydantic.dev/2.12/v/missing

During handling of the above exception, another exception occurred:

Traceback (most recent call last):
  File "G:\ISALAB\gui_pyside\components\components.py", line 22, in wrapper
    return func(*args, **kwargs)
  File "G:\ISALAB\gui_pyside\dialogs\recepcion_dialog.py", line 370, in _guardar
    self.service.registrar_recepcion(data)
    ~~~~~~~~~~~~~~~~~~~~~~~~~~~~~~~~^^^^^^
  File "G:\ISALAB\services\recepcion_service.py", line 56, in registrar_recepcion
    raise BusinessLogicError(f"Datos inválidos en recepción:\n{error_msg}")
utils.exceptions.BusinessLogicError: Datos inválidos en recepción:
- codigo: Field required
2026-04-16 21:42:12 | ERROR    | isalab | wrapper:26 | Error en UI: Datos inválidos en recepción:
- codigo: Field required
Traceback (most recent call last):
  File "G:\ISALAB\services\recepcion_service.py", line 38, in registrar_recepcion
    datos_validados = RecepcionSchema(**data)
  File "G:\ISALAB\.venv\Lib\site-packages\pydantic\main.py", line 250, in __init__
    validated_self = self.__pydantic_validator__.validate_python(data, self_instance=self)
pydantic_core._pydantic_core.ValidationError: 1 validation error for RecepcionSchema
codigo
  Field required [type=missing, input_value={'animal_id': 11, 'motivo...ra': '2026-04-16 21:40'}, input_type=dict]
    For further information visit https://errors.pydantic.dev/2.12/v/missing

During handling of the above exception, another exception occurred:

Traceback (most recent call last):
  File "G:\ISALAB\gui_pyside\components\components.py", line 22, in wrapper
    return func(*args, **kwargs)
  File "G:\ISALAB\gui_pyside\dialogs\recepcion_dialog.py", line 370, in _guardar
    self.service.registrar_recepcion(data)
    ~~~~~~~~~~~~~~~~~~~~~~~~~~~~~~~~^^^^^^
  File "G:\ISALAB\services\recepcion_service.py", line 56, in registrar_recepcion
    raise BusinessLogicError(f"Datos inválidos en recepción:\n{error_msg}")
utils.exceptions.BusinessLogicError: Datos inválidos en recepción:
- codigo: Field required
2026-04-16 21:44:42 | INFO     | isalab | close_all_connections:232 | Conexiones de base de datos cerradas
2026-04-16 21:47:06 | INFO     | isalab | _initialize_database:111 | Base de datos auxiliar inicializada (Tablas clínicas delegadas a Alembic)
2026-04-16 21:47:06 | INFO     | isalab | _initialize_database:112 | NOTA: No hay usuarios creados. Ejecute el instalador de primera ejecución.
2026-04-16 21:47:06 | INFO     | isalab | __init__:36 | DatabaseManager inicializado
2026-04-16 21:47:06 | INFO     | isalab | verificar_salud_base_datos:109 | Health check DB: ['animales', 'usuarios', 'recepciones', 'muestras', 'historias_clinicas']
2026-04-16 21:47:06 | INFO     | isalab | main:182 | Icono cargado desde G:\ISALAB\assets\icono.ico
2026-04-16 21:47:10 | INFO     | isalab | iniciar_sesion:133 | Iniciando aplicación...
2026-04-16 21:47:23 | INFO     | isalab | autenticar:38 | Intentando autenticar usuario: admin
2026-04-16 21:47:23 | INFO     | isalab | autenticar:51 | Usuario autenticado exitosamente: admin, rol: admin
2026-04-16 21:47:23 | INFO     | isalab | __init__:60 | LabVetApp inicializado con usuario: {'id': 1, 'username': 'admin', 'nombre': 'Administrador', 'rol': 'admin'}
2026-04-16 21:47:25 | DEBUG    | isalab | _cargar_datos:300 | RecepcionView: 0 registros recibidos
2026-04-16 21:47:25 | DEBUG    | isalab | populate:138 | DataTable: No hay datos para mostrar
2026-04-16 21:48:19 | DEBUG    | isalab | _cargar_datos:300 | RecepcionView: 1 registros recibidos
2026-04-16 21:48:19 | DEBUG    | isalab | populate:141 | DataTable: Cargando 1 filas
2026-04-16 21:48:19 | DEBUG    | isalab | populate:166 | DataTable: 1 filas mostradas
2026-04-16 21:48:36 | DEBUG    | isalab | _cargar_datos:287 | AnimalesView: 12 registros recibidos
2026-04-16 21:48:36 | DEBUG    | isalab | populate:141 | DataTable: Cargando 12 filas
2026-04-16 21:48:36 | DEBUG    | isalab | populate:166 | DataTable: 12 filas mostradas
2026-04-16 21:48:51 | DEBUG    | isalab | _cargar_datos:202 | ConsultasView: 0 registros recibidos
2026-04-16 21:48:51 | DEBUG    | isalab | populate:138 | DataTable: No hay datos para mostrar
2026-04-16 21:49:04 | INFO     | isalab | close_all_connections:232 | Conexiones de base de datos cerradas
2026-04-16 21:51:20 | INFO     | isalab | _initialize_database:111 | Base de datos auxiliar inicializada (Tablas clínicas delegadas a Alembic)
2026-04-16 21:51:20 | INFO     | isalab | _initialize_database:112 | NOTA: No hay usuarios creados. Ejecute el instalador de primera ejecución.
2026-04-16 21:51:20 | INFO     | isalab | __init__:36 | DatabaseManager inicializado
2026-04-16 21:51:20 | INFO     | isalab | verificar_salud_base_datos:109 | Health check DB: ['animales', 'usuarios', 'recepciones', 'muestras', 'historias_clinicas']
2026-04-16 21:51:20 | INFO     | isalab | main:182 | Icono cargado desde G:\ISALAB\assets\icono.ico
2026-04-16 21:51:23 | INFO     | isalab | iniciar_sesion:133 | Iniciando aplicación...
2026-04-16 21:51:29 | INFO     | isalab | autenticar:38 | Intentando autenticar usuario: admin
2026-04-16 21:51:29 | INFO     | isalab | autenticar:51 | Usuario autenticado exitosamente: admin, rol: admin
2026-04-16 21:51:29 | INFO     | isalab | __init__:60 | LabVetApp inicializado con usuario: {'id': 1, 'username': 'admin', 'nombre': 'Administrador', 'rol': 'admin'}
2026-04-16 21:51:33 | DEBUG    | isalab | _cargar_datos:316 | RecepcionView: 1 registros recibidos
2026-04-16 21:51:33 | DEBUG    | isalab | populate:141 | DataTable: Cargando 1 filas
2026-04-16 21:51:33 | DEBUG    | isalab | populate:166 | DataTable: 1 filas mostradas
2026-04-16 21:56:38 | ERROR    | isalab | run:150 | Error generando reporte consentimiento: 'metadatos' is undefined
Traceback (most recent call last):
  File "G:\ISALAB\gui_pyside\dialogs\dialogo_generar_reporte.py", line 142, in run
    pdf_bytes = svc.generar_pdf(**self.kwargs)
  File "G:\ISALAB\services\report_consentimiento.py", line 34, in generar_pdf
    return generar_reporte("consentimiento_informado", contexto)
  File "G:\ISALAB\reports\generators.py", line 49, in generar_reporte
    html_renderizado = template.render(**datos)
  File "G:\ISALAB\.venv\Lib\site-packages\jinja2\environment.py", line 1295, in render
    self.environment.handle_exception()
    ~~~~~~~~~~~~~~~~~~~~~~~~~~~~~~~~~^^
  File "G:\ISALAB\.venv\Lib\site-packages\jinja2\environment.py", line 942, in handle_exception
    raise rewrite_traceback_stack(source=source)
  File "G:\ISALAB\templates\consentimiento_informado.html", line 1, in top-level template code
    {% extends "base_report.html" %}
    ^^^^^^^^^^^^^^^^^^^^^^^^^
  File "G:\ISALAB\templates\base_report.html", line 6, in top-level template code
    <title>{{ metadatos.titulo | default('Reporte IsaLab') }} - {{ lab.nombre }}</title>
    ^^^^^^^^^^^^^^^^^^^^^
  File "G:\ISALAB\.venv\Lib\site-packages\jinja2\environment.py", line 490, in getattr
    return getattr(obj, attribute)
jinja2.exceptions.UndefinedError: 'metadatos' is undefined
2026-04-16 21:56:38 | ERROR    | isalab | show_error:15 | No se pudo generar el reporte PDF.: 'metadatos' is undefined
NoneType: None
2026-04-16 21:59:42 | INFO     | isalab | close_all_connections:232 | Conexiones de base de datos cerradas
2026-04-16 21:59:57 | INFO     | isalab | _initialize_database:111 | Base de datos auxiliar inicializada (Tablas clínicas delegadas a Alembic)
2026-04-16 21:59:57 | INFO     | isalab | _initialize_database:112 | NOTA: No hay usuarios creados. Ejecute el instalador de primera ejecución.
2026-04-16 21:59:57 | INFO     | isalab | __init__:36 | DatabaseManager inicializado
2026-04-16 21:59:57 | INFO     | isalab | verificar_salud_base_datos:109 | Health check DB: ['animales', 'usuarios', 'recepciones', 'muestras', 'historias_clinicas']
2026-04-16 21:59:57 | INFO     | isalab | main:182 | Icono cargado desde G:\ISALAB\assets\icono.ico
2026-04-16 22:00:00 | INFO     | isalab | iniciar_sesion:133 | Iniciando aplicación...
2026-04-16 22:00:09 | INFO     | isalab | autenticar:38 | Intentando autenticar usuario: admin
2026-04-16 22:00:09 | INFO     | isalab | autenticar:51 | Usuario autenticado exitosamente: admin, rol: admin
2026-04-16 22:00:09 | INFO     | isalab | __init__:60 | LabVetApp inicializado con usuario: {'id': 1, 'username': 'admin', 'nombre': 'Administrador', 'rol': 'admin'}
2026-04-16 22:00:12 | DEBUG    | isalab | _cargar_datos:316 | RecepcionView: 1 registros recibidos
2026-04-16 22:00:12 | DEBUG    | isalab | populate:141 | DataTable: Cargando 1 filas
2026-04-16 22:00:12 | DEBUG    | isalab | populate:166 | DataTable: 1 filas mostradas
2026-04-16 22:07:05 | ERROR    | isalab | run:150 | Error generando reporte consentimiento: 'tipografia' is undefined
Traceback (most recent call last):
  File "G:\ISALAB\gui_pyside\dialogs\dialogo_generar_reporte.py", line 142, in run
    pdf_bytes = svc.generar_pdf(**self.kwargs)
  File "G:\ISALAB\services\report_consentimiento.py", line 35, in generar_pdf
    return generar_reporte("consentimiento_informado", contexto)
  File "G:\ISALAB\reports\generators.py", line 49, in generar_reporte
    html_renderizado = template.render(**datos)
  File "G:\ISALAB\.venv\Lib\site-packages\jinja2\environment.py", line 1295, in render
    self.environment.handle_exception()
    ~~~~~~~~~~~~~~~~~~~~~~~~~~~~~~~~~^^
  File "G:\ISALAB\.venv\Lib\site-packages\jinja2\environment.py", line 942, in handle_exception
    raise rewrite_traceback_stack(source=source)
  File "G:\ISALAB\templates\consentimiento_informado.html", line 1, in top-level template code
    {% extends "base_report.html" %}
    ^^^^^^^^^^^^^^^^^^^^^^^^^
  File "G:\ISALAB\templates\base_report.html", line 10, in top-level template code
    {% include 'styles/base.css' %}
    ^^^^^^^^^^^^^^^^^
  File "G:\ISALAB\templates\styles\base.css", line 11, in top-level template code
    font-size: {{ tipografia.tamano_base }}pt;
    ^^^^^^^^^^^^^^^^^^^^^
  File "G:\ISALAB\.venv\Lib\site-packages\jinja2\environment.py", line 490, in getattr
    return getattr(obj, attribute)
jinja2.exceptions.UndefinedError: 'tipografia' is undefined
2026-04-16 22:07:05 | ERROR    | isalab | show_error:15 | No se pudo generar el reporte PDF.: 'tipografia' is undefined
NoneType: None
2026-04-16 22:10:30 | INFO     | isalab | close_all_connections:232 | Conexiones de base de datos cerradas
2026-04-16 22:10:40 | INFO     | isalab | _initialize_database:111 | Base de datos auxiliar inicializada (Tablas clínicas delegadas a Alembic)
2026-04-16 22:10:40 | INFO     | isalab | _initialize_database:112 | NOTA: No hay usuarios creados. Ejecute el instalador de primera ejecución.
2026-04-16 22:10:40 | INFO     | isalab | __init__:36 | DatabaseManager inicializado
2026-04-16 22:10:40 | INFO     | isalab | verificar_salud_base_datos:109 | Health check DB: ['animales', 'usuarios', 'recepciones', 'muestras', 'historias_clinicas']
2026-04-16 22:10:40 | INFO     | isalab | main:182 | Icono cargado desde G:\ISALAB\assets\icono.ico
2026-04-16 22:10:44 | INFO     | isalab | iniciar_sesion:133 | Iniciando aplicación...
2026-04-16 22:10:51 | INFO     | isalab | autenticar:38 | Intentando autenticar usuario: admin
2026-04-16 22:10:51 | INFO     | isalab | autenticar:51 | Usuario autenticado exitosamente: admin, rol: admin
2026-04-16 22:10:51 | INFO     | isalab | __init__:60 | LabVetApp inicializado con usuario: {'id': 1, 'username': 'admin', 'nombre': 'Administrador', 'rol': 'admin'}
2026-04-16 22:10:58 | DEBUG    | isalab | _cargar_datos:316 | RecepcionView: 1 registros recibidos
2026-04-16 22:10:58 | DEBUG    | isalab | populate:141 | DataTable: Cargando 1 filas
2026-04-16 22:10:58 | DEBUG    | isalab | populate:166 | DataTable: 1 filas mostradas
2026-04-16 22:14:22 | ERROR    | isalab | run:150 | Error generando reporte consentimiento: 'config' is undefined
Traceback (most recent call last):
  File "G:\ISALAB\gui_pyside\dialogs\dialogo_generar_reporte.py", line 142, in run
    pdf_bytes = svc.generar_pdf(**self.kwargs)
  File "G:\ISALAB\services\report_consentimiento.py", line 35, in generar_pdf
    return generar_reporte("consentimiento_informado", contexto)
  File "G:\ISALAB\reports\generators.py", line 49, in generar_reporte
    html_renderizado = template.render(**datos)
  File "G:\ISALAB\.venv\Lib\site-packages\jinja2\environment.py", line 1295, in render
    self.environment.handle_exception()
    ~~~~~~~~~~~~~~~~~~~~~~~~~~~~~~~~~^^
  File "G:\ISALAB\.venv\Lib\site-packages\jinja2\environment.py", line 942, in handle_exception
    raise rewrite_traceback_stack(source=source)
  File "G:\ISALAB\templates\consentimiento_informado.html", line 1, in top-level template code
    {% extends "base_report.html" %}
    ^^^^^^^^^^^^^^^^^^^^^^^^^
  File "G:\ISALAB\templates\base_report.html", line 10, in top-level template code
    {% include 'styles/base.css' %}
    ^^^^^^^^^^^^^^^^^
  File "G:\ISALAB\templates\styles\base.css", line 35, in top-level template code
    opacity: {{ config.marca_agua_opacidad }};
    ^^^^^^^^^^^^^^^^^^^^^
  File "G:\ISALAB\.venv\Lib\site-packages\jinja2\environment.py", line 490, in getattr
    return getattr(obj, attribute)
jinja2.exceptions.UndefinedError: 'config' is undefined
2026-04-16 22:14:22 | ERROR    | isalab | show_error:15 | No se pudo generar el reporte PDF.: 'config' is undefined
NoneType: None
2026-04-16 22:15:54 | INFO     | isalab | close_all_connections:232 | Conexiones de base de datos cerradas
2026-04-16 22:16:04 | INFO     | isalab | _initialize_database:111 | Base de datos auxiliar inicializada (Tablas clínicas delegadas a Alembic)
2026-04-16 22:16:04 | INFO     | isalab | _initialize_database:112 | NOTA: No hay usuarios creados. Ejecute el instalador de primera ejecución.
2026-04-16 22:16:04 | INFO     | isalab | __init__:36 | DatabaseManager inicializado
2026-04-16 22:16:04 | INFO     | isalab | verificar_salud_base_datos:109 | Health check DB: ['animales', 'usuarios', 'recepciones', 'muestras', 'historias_clinicas']
2026-04-16 22:16:04 | INFO     | isalab | main:182 | Icono cargado desde G:\ISALAB\assets\icono.ico
2026-04-16 22:16:07 | INFO     | isalab | iniciar_sesion:133 | Iniciando aplicación...
2026-04-16 22:16:14 | INFO     | isalab | autenticar:38 | Intentando autenticar usuario: admin
2026-04-16 22:16:14 | INFO     | isalab | autenticar:51 | Usuario autenticado exitosamente: admin, rol: admin
2026-04-16 22:16:14 | INFO     | isalab | __init__:60 | LabVetApp inicializado con usuario: {'id': 1, 'username': 'admin', 'nombre': 'Administrador', 'rol': 'admin'}
2026-04-16 22:16:17 | DEBUG    | isalab | _cargar_datos:316 | RecepcionView: 1 registros recibidos
2026-04-16 22:16:17 | DEBUG    | isalab | populate:141 | DataTable: Cargando 1 filas
2026-04-16 22:16:17 | DEBUG    | isalab | populate:166 | DataTable: 1 filas mostradas
2026-04-16 22:25:59 | ERROR    | isalab | run:150 | Error generando reporte consentimiento: 'margenes' is undefined
Traceback (most recent call last):
  File "G:\ISALAB\gui_pyside\dialogs\dialogo_generar_reporte.py", line 142, in run
    pdf_bytes = svc.generar_pdf(**self.kwargs)
  File "G:\ISALAB\services\report_consentimiento.py", line 35, in generar_pdf
    return generar_reporte("consentimiento_informado", contexto)
  File "G:\ISALAB\reports\generators.py", line 49, in generar_reporte
    html_renderizado = template.render(**datos)
  File "G:\ISALAB\.venv\Lib\site-packages\jinja2\environment.py", line 1295, in render
    self.environment.handle_exception()
    ~~~~~~~~~~~~~~~~~~~~~~~~~~~~~~~~~^^
  File "G:\ISALAB\.venv\Lib\site-packages\jinja2\environment.py", line 942, in handle_exception
    raise rewrite_traceback_stack(source=source)
  File "G:\ISALAB\templates\consentimiento_informado.html", line 1, in top-level template code
    {% extends "base_report.html" %}
    ^^^^^^^^^^^^^^^^^^^^^^^^^
  File "G:\ISALAB\templates\base_report.html", line 10, in top-level template code
    {% include 'styles/base.css' %}
    ^^^^^^^^^^^^^^^^^
  File "G:\ISALAB\templates\styles\base.css", line 532, in top-level template code
    left: {{ margenes.izquierdo }}mm;
    ^^^^^^^^^^^^^^^^^^^^^
  File "G:\ISALAB\.venv\Lib\site-packages\jinja2\environment.py", line 490, in getattr
    return getattr(obj, attribute)
jinja2.exceptions.UndefinedError: 'margenes' is undefined
2026-04-16 22:25:59 | ERROR    | isalab | show_error:15 | No se pudo generar el reporte PDF.: 'margenes' is undefined
NoneType: None
2026-04-16 22:26:18 | INFO     | isalab | close_all_connections:232 | Conexiones de base de datos cerradas
2026-04-17 15:06:08 | INFO     | isalab | _initialize_database:111 | Base de datos auxiliar inicializada (Tablas clínicas delegadas a Alembic)
2026-04-17 15:06:08 | INFO     | isalab | _initialize_database:112 | NOTA: No hay usuarios creados. Ejecute el instalador de primera ejecución.
2026-04-17 15:06:08 | INFO     | isalab | __init__:36 | DatabaseManager inicializado
2026-04-17 15:06:08 | INFO     | isalab | verificar_salud_base_datos:109 | Health check DB: ['animales', 'usuarios', 'recepciones', 'muestras', 'historias_clinicas']
2026-04-17 15:06:08 | INFO     | isalab | main:182 | Icono cargado desde G:\ISALAB\assets\icono.ico
2026-04-17 15:06:11 | INFO     | isalab | iniciar_sesion:133 | Iniciando aplicación...
2026-04-17 15:06:22 | INFO     | isalab | autenticar:38 | Intentando autenticar usuario: admin
2026-04-17 15:06:22 | INFO     | isalab | autenticar:51 | Usuario autenticado exitosamente: admin, rol: admin
2026-04-17 15:06:22 | INFO     | isalab | __init__:60 | LabVetApp inicializado con usuario: {'id': 1, 'username': 'admin', 'nombre': 'Administrador', 'rol': 'admin'}
2026-04-17 15:06:24 | DEBUG    | isalab | populate:141 | DataTable: Cargando 13 filas
2026-04-17 15:06:24 | DEBUG    | isalab | populate:166 | DataTable: 13 filas mostradas
2026-04-17 15:06:33 | DEBUG    | isalab | _construir_contexto:114 | Logo IsaLab cargado (199202 caracteres)
2026-04-17 15:06:33 | DEBUG    | isalab | _construir_contexto:121 | Buscando logo para empresa: C. V. RUFFOS HOUSE
2026-04-17 15:06:33 | DEBUG    | isalab | _construir_contexto:140 | Logo empresa cargado: cv_ruffos_house.png
2026-04-17 15:08:24 | DEBUG    | isalab | _cargar_datos:316 | RecepcionView: 1 registros recibidos
2026-04-17 15:08:24 | DEBUG    | isalab | populate:141 | DataTable: Cargando 1 filas
2026-04-17 15:08:24 | DEBUG    | isalab | populate:166 | DataTable: 1 filas mostradas
2026-04-17 15:10:01 | INFO     | isalab | close_all_connections:232 | Conexiones de base de datos cerradas
2026-04-17 15:10:18 | INFO     | isalab | _initialize_database:111 | Base de datos auxiliar inicializada (Tablas clínicas delegadas a Alembic)
2026-04-17 15:10:18 | INFO     | isalab | _initialize_database:112 | NOTA: No hay usuarios creados. Ejecute el instalador de primera ejecución.
2026-04-17 15:10:18 | INFO     | isalab | __init__:36 | DatabaseManager inicializado
2026-04-17 15:10:18 | INFO     | isalab | verificar_salud_base_datos:109 | Health check DB: ['animales', 'usuarios', 'recepciones', 'muestras', 'historias_clinicas']
2026-04-17 15:10:18 | INFO     | isalab | main:182 | Icono cargado desde G:\ISALAB\assets\icono.ico
2026-04-17 15:10:21 | INFO     | isalab | iniciar_sesion:133 | Iniciando aplicación...
2026-04-17 15:11:19 | INFO     | isalab | autenticar:38 | Intentando autenticar usuario: admin
2026-04-17 15:11:19 | INFO     | isalab | autenticar:51 | Usuario autenticado exitosamente: admin, rol: admin
2026-04-17 15:11:19 | INFO     | isalab | __init__:60 | LabVetApp inicializado con usuario: {'id': 1, 'username': 'admin', 'nombre': 'Administrador', 'rol': 'admin'}
2026-04-17 15:11:22 | DEBUG    | isalab | _cargar_datos:316 | RecepcionView: 1 registros recibidos
2026-04-17 15:11:22 | DEBUG    | isalab | populate:141 | DataTable: Cargando 1 filas
2026-04-17 15:11:22 | DEBUG    | isalab | populate:166 | DataTable: 1 filas mostradas
2026-04-17 15:19:07 | INFO     | isalab | _abrir_pdf:461 | PDF abierto: D:\Users\CORE-I~1\AppData\Local\Temp\isalab_iompijv0.pdf
2026-04-17 15:31:03 | ERROR    | isalab | run:150 | Error generando reporte consentimiento: extended multiple times
Traceback (most recent call last):
  File "G:\ISALAB\gui_pyside\dialogs\dialogo_generar_reporte.py", line 142, in run
    pdf_bytes = svc.generar_pdf(**self.kwargs)
  File "G:\ISALAB\services\report_consentimiento.py", line 35, in generar_pdf
    return generar_reporte("consentimiento_informado", contexto)
  File "G:\ISALAB\reports\generators.py", line 49, in generar_reporte
    html_renderizado = template.render(**datos)
  File "G:\ISALAB\.venv\Lib\site-packages\jinja2\environment.py", line 1295, in render
    self.environment.handle_exception()
    ~~~~~~~~~~~~~~~~~~~~~~~~~~~~~~~~~^^
  File "G:\ISALAB\.venv\Lib\site-packages\jinja2\environment.py", line 942, in handle_exception
    raise rewrite_traceback_stack(source=source)
  File "G:\ISALAB\templates\consentimiento_informado.html", line 1, in top-level template code
    {% extends "base_report.html" %}
    ^^^^^^^^^^^^^^^^^^^^^^^^^
jinja2.exceptions.TemplateRuntimeError: extended multiple times
2026-04-17 15:31:03 | ERROR    | isalab | show_error:15 | No se pudo generar el reporte PDF.: extended multiple times
NoneType: None
2026-04-17 15:32:25 | INFO     | isalab | close_all_connections:232 | Conexiones de base de datos cerradas
2026-04-17 15:33:49 | INFO     | isalab | _initialize_database:111 | Base de datos auxiliar inicializada (Tablas clínicas delegadas a Alembic)
2026-04-17 15:33:49 | INFO     | isalab | _initialize_database:112 | NOTA: No hay usuarios creados. Ejecute el instalador de primera ejecución.
2026-04-17 15:33:49 | INFO     | isalab | __init__:36 | DatabaseManager inicializado
2026-04-17 15:33:49 | INFO     | isalab | verificar_salud_base_datos:109 | Health check DB: ['animales', 'usuarios', 'recepciones', 'muestras', 'historias_clinicas']
2026-04-17 15:33:49 | INFO     | isalab | main:182 | Icono cargado desde G:\ISALAB\assets\icono.ico
2026-04-17 15:33:52 | INFO     | isalab | iniciar_sesion:133 | Iniciando aplicación...
2026-04-17 15:34:03 | INFO     | isalab | autenticar:38 | Intentando autenticar usuario: admin
2026-04-17 15:34:03 | INFO     | isalab | autenticar:51 | Usuario autenticado exitosamente: admin, rol: admin
2026-04-17 15:34:03 | INFO     | isalab | __init__:60 | LabVetApp inicializado con usuario: {'id': 1, 'username': 'admin', 'nombre': 'Administrador', 'rol': 'admin'}
2026-04-17 15:34:07 | DEBUG    | isalab | _cargar_datos:316 | RecepcionView: 1 registros recibidos
2026-04-17 15:34:07 | DEBUG    | isalab | populate:141 | DataTable: Cargando 1 filas
2026-04-17 15:34:07 | DEBUG    | isalab | populate:166 | DataTable: 1 filas mostradas
2026-04-17 15:51:01 | INFO     | isalab | _abrir_pdf:461 | PDF abierto: D:\Users\CORE-I~1\AppData\Local\Temp\isalab_xp6c_us7.pdf
2026-04-17 15:51:53 | INFO     | isalab | _guardar_como:429 | Reporte guardado: G:/ISALAB/data/pdfs/reporte_isalab.pdf
2026-04-17 15:52:37 | INFO     | isalab | close_all_connections:232 | Conexiones de base de datos cerradas
2026-04-17 15:58:55 | INFO     | isalab | _initialize_database:111 | Base de datos auxiliar inicializada (Tablas clínicas delegadas a Alembic)
2026-04-17 15:58:55 | INFO     | isalab | _initialize_database:112 | NOTA: No hay usuarios creados. Ejecute el instalador de primera ejecución.
2026-04-17 15:58:55 | INFO     | isalab | __init__:36 | DatabaseManager inicializado
2026-04-17 15:58:55 | INFO     | isalab | verificar_salud_base_datos:109 | Health check DB: ['animales', 'usuarios', 'recepciones', 'muestras', 'historias_clinicas']
2026-04-17 15:58:55 | INFO     | isalab | main:182 | Icono cargado desde G:\ISALAB\assets\icono.ico
2026-04-17 15:58:58 | INFO     | isalab | iniciar_sesion:133 | Iniciando aplicación...
2026-04-17 15:59:06 | INFO     | isalab | autenticar:38 | Intentando autenticar usuario: admin
2026-04-17 15:59:06 | INFO     | isalab | autenticar:51 | Usuario autenticado exitosamente: admin, rol: admin
2026-04-17 15:59:06 | INFO     | isalab | __init__:60 | LabVetApp inicializado con usuario: {'id': 1, 'username': 'admin', 'nombre': 'Administrador', 'rol': 'admin'}
2026-04-17 15:59:07 | DEBUG    | isalab | _cargar_datos:316 | RecepcionView: 1 registros recibidos
2026-04-17 15:59:07 | DEBUG    | isalab | populate:141 | DataTable: Cargando 1 filas
2026-04-17 15:59:07 | DEBUG    | isalab | populate:166 | DataTable: 1 filas mostradas
2026-04-17 16:01:18 | ERROR    | isalab | run:150 | Error generando reporte consentimiento: module 'reports.config' has no attribute 'laboratorio'
Traceback (most recent call last):
  File "G:\ISALAB\gui_pyside\dialogs\dialogo_generar_reporte.py", line 142, in run
    pdf_bytes = svc.generar_pdf(**self.kwargs)
  File "G:\ISALAB\services\report_consentimiento.py", line 35, in generar_pdf
    contexto = self._construir_contexto(consentimiento_data)
  File "G:\ISALAB\services\report_consentimiento.py", line 62, in _construir_contexto
    "logo_isalab": reporte_config.laboratorio.logo_b64,
                   ^^^^^^^^^^^^^^^^^^^^^^^^^^
AttributeError: module 'reports.config' has no attribute 'laboratorio'
2026-04-17 16:01:18 | ERROR    | isalab | show_error:15 | No se pudo generar el reporte PDF.: module 'reports.config' has no attribute 'laboratorio'
NoneType: None
2026-04-17 16:01:49 | INFO     | isalab | close_all_connections:232 | Conexiones de base de datos cerradas
2026-04-18 16:39:38 | INFO     | isalab | _initialize_database:111 | Base de datos auxiliar inicializada (Tablas clínicas delegadas a Alembic)
2026-04-18 16:39:38 | INFO     | isalab | _initialize_database:112 | NOTA: No hay usuarios creados. Ejecute el instalador de primera ejecución.
2026-04-18 16:39:38 | INFO     | isalab | __init__:36 | DatabaseManager inicializado
2026-04-18 16:39:38 | INFO     | isalab | verificar_salud_base_datos:109 | Health check DB: ['animales', 'usuarios', 'recepciones', 'muestras', 'historias_clinicas']
2026-04-18 16:39:38 | INFO     | isalab | main:182 | Icono cargado desde G:\ISALAB\assets\icono.ico
2026-04-18 16:39:41 | INFO     | isalab | iniciar_sesion:133 | Iniciando aplicación...
2026-04-18 16:39:48 | INFO     | isalab | autenticar:38 | Intentando autenticar usuario: admin
2026-04-18 16:39:48 | INFO     | isalab | autenticar:51 | Usuario autenticado exitosamente: admin, rol: admin
2026-04-18 16:39:48 | INFO     | isalab | __init__:60 | LabVetApp inicializado con usuario: {'id': 1, 'username': 'admin', 'nombre': 'Administrador', 'rol': 'admin'}
2026-04-18 16:40:02 | DEBUG    | isalab | _cargar_datos:316 | RecepcionView: 1 registros recibidos
2026-04-18 16:40:02 | DEBUG    | isalab | populate:141 | DataTable: Cargando 1 filas
2026-04-18 16:40:02 | DEBUG    | isalab | populate:166 | DataTable: 1 filas mostradas
2026-04-18 16:42:52 | DEBUG    | isalab | _cargar_datos:287 | AnimalesView: 12 registros recibidos
2026-04-18 16:42:52 | DEBUG    | isalab | populate:141 | DataTable: Cargando 12 filas
2026-04-18 16:42:52 | DEBUG    | isalab | populate:166 | DataTable: 12 filas mostradas
2026-04-18 16:43:00 | INFO     | isalab | close_all_connections:232 | Conexiones de base de datos cerradas
2026-04-18 17:12:16 | INFO     | isalab | _initialize_database:111 | Base de datos auxiliar inicializada (Tablas clínicas delegadas a Alembic)
2026-04-18 17:12:16 | INFO     | isalab | _initialize_database:112 | NOTA: No hay usuarios creados. Ejecute el instalador de primera ejecución.
2026-04-18 17:12:16 | INFO     | isalab | __init__:36 | DatabaseManager inicializado
2026-04-18 17:12:16 | INFO     | isalab | verificar_salud_base_datos:109 | Health check DB: ['animales', 'usuarios', 'recepciones', 'muestras', 'historias_clinicas']
2026-04-18 17:12:16 | INFO     | isalab | main:182 | Icono cargado desde G:\ISALAB\assets\icono.ico
2026-04-18 17:12:19 | INFO     | isalab | iniciar_sesion:133 | Iniciando aplicación...
2026-04-18 17:12:26 | INFO     | isalab | autenticar:38 | Intentando autenticar usuario: admin
2026-04-18 17:12:26 | INFO     | isalab | autenticar:51 | Usuario autenticado exitosamente: admin, rol: admin
2026-04-18 17:12:26 | INFO     | isalab | __init__:60 | LabVetApp inicializado con usuario: {'id': 1, 'username': 'admin', 'nombre': 'Administrador', 'rol': 'admin'}
2026-04-18 17:12:36 | DEBUG    | isalab | _cargar_datos:316 | RecepcionView: 1 registros recibidos
2026-04-18 17:12:36 | DEBUG    | isalab | populate:141 | DataTable: Cargando 1 filas
2026-04-18 17:12:36 | DEBUG    | isalab | populate:166 | DataTable: 1 filas mostradas
2026-04-18 17:12:45 | DEBUG    | isalab | _cargar_datos:316 | RecepcionView: 1 registros recibidos
2026-04-18 17:12:45 | DEBUG    | isalab | populate:141 | DataTable: Cargando 1 filas
2026-04-18 17:12:45 | DEBUG    | isalab | populate:166 | DataTable: 1 filas mostradas
2026-04-18 17:12:46 | DEBUG    | isalab | _cargar_datos:316 | RecepcionView: 1 registros recibidos
2026-04-18 17:12:46 | DEBUG    | isalab | populate:141 | DataTable: Cargando 1 filas
2026-04-18 17:12:46 | DEBUG    | isalab | populate:166 | DataTable: 1 filas mostradas
2026-04-18 17:13:21 | DEBUG    | isalab | _cargar_datos:316 | RecepcionView: 1 registros recibidos
2026-04-18 17:13:21 | DEBUG    | isalab | populate:141 | DataTable: Cargando 1 filas
2026-04-18 17:13:21 | DEBUG    | isalab | populate:166 | DataTable: 1 filas mostradas
2026-04-18 17:16:09 | INFO     | isalab | close_all_connections:232 | Conexiones de base de datos cerradas
2026-04-18 17:23:28 | INFO     | isalab | _initialize_database:111 | Base de datos auxiliar inicializada (Tablas clínicas delegadas a Alembic)
2026-04-18 17:23:28 | INFO     | isalab | _initialize_database:112 | NOTA: No hay usuarios creados. Ejecute el instalador de primera ejecución.
2026-04-18 17:23:28 | INFO     | isalab | __init__:36 | DatabaseManager inicializado
2026-04-18 17:23:28 | INFO     | isalab | verificar_salud_base_datos:109 | Health check DB: ['animales', 'usuarios', 'recepciones', 'muestras', 'historias_clinicas']
2026-04-18 17:23:28 | INFO     | isalab | main:182 | Icono cargado desde G:\ISALAB\assets\icono.ico
2026-04-18 17:23:32 | INFO     | isalab | iniciar_sesion:133 | Iniciando aplicación...
2026-04-18 17:28:03 | INFO     | isalab | autenticar:38 | Intentando autenticar usuario: admin
2026-04-18 17:28:03 | INFO     | isalab | autenticar:51 | Usuario autenticado exitosamente: admin, rol: admin
2026-04-18 17:28:03 | INFO     | isalab | __init__:60 | LabVetApp inicializado con usuario: {'id': 1, 'username': 'admin', 'nombre': 'Administrador', 'rol': 'admin'}
2026-04-18 17:28:16 | DEBUG    | isalab | _cargar_datos:316 | RecepcionView: 1 registros recibidos
2026-04-18 17:28:16 | DEBUG    | isalab | populate:141 | DataTable: Cargando 1 filas
2026-04-18 17:28:16 | DEBUG    | isalab | populate:166 | DataTable: 1 filas mostradas
2026-04-18 17:28:48 | INFO     | isalab | close_all_connections:232 | Conexiones de base de datos cerradas
2026-04-18 17:42:52 | INFO     | isalab | _initialize_database:111 | Base de datos auxiliar inicializada (Tablas clínicas delegadas a Alembic)
2026-04-18 17:42:52 | INFO     | isalab | _initialize_database:112 | NOTA: No hay usuarios creados. Ejecute el instalador de primera ejecución.
2026-04-18 17:42:52 | INFO     | isalab | __init__:36 | DatabaseManager inicializado
2026-04-18 17:42:52 | INFO     | isalab | verificar_salud_base_datos:109 | Health check DB: ['animales', 'usuarios', 'recepciones', 'muestras', 'historias_clinicas']
2026-04-18 17:42:52 | INFO     | isalab | main:182 | Icono cargado desde G:\ISALAB\assets\icono.ico
2026-04-18 17:42:56 | INFO     | isalab | iniciar_sesion:133 | Iniciando aplicación...
2026-04-18 17:43:02 | INFO     | isalab | autenticar:38 | Intentando autenticar usuario: admin
2026-04-18 17:43:02 | INFO     | isalab | autenticar:51 | Usuario autenticado exitosamente: admin, rol: admin
2026-04-18 17:43:02 | INFO     | isalab | __init__:60 | LabVetApp inicializado con usuario: {'id': 1, 'username': 'admin', 'nombre': 'Administrador', 'rol': 'admin'}
2026-04-18 17:43:05 | DEBUG    | isalab | _cargar_datos:316 | RecepcionView: 1 registros recibidos
2026-04-18 17:43:05 | DEBUG    | isalab | populate:141 | DataTable: Cargando 1 filas
2026-04-18 17:43:05 | DEBUG    | isalab | populate:166 | DataTable: 1 filas mostradas
2026-04-18 17:43:27 | DEBUG    | isalab | _cargar_datos:316 | RecepcionView: 1 registros recibidos
2026-04-18 17:43:27 | DEBUG    | isalab | populate:141 | DataTable: Cargando 1 filas
2026-04-18 17:43:27 | DEBUG    | isalab | populate:166 | DataTable: 1 filas mostradas
2026-04-18 17:43:42 | DEBUG    | isalab | _cargar_datos:202 | ConsultasView: 0 registros recibidos
2026-04-18 17:43:42 | DEBUG    | isalab | populate:138 | DataTable: No hay datos para mostrar
2026-04-18 17:43:43 | DEBUG    | isalab | _cargar_datos:218 | CirugiasView: 0 registros recibidos
2026-04-18 17:43:43 | DEBUG    | isalab | populate:138 | DataTable: No hay datos para mostrar
2026-04-18 17:43:46 | DEBUG    | isalab | _cargar_datos:209 | VacunacionView: 0 registros recibidos
2026-04-18 17:43:46 | DEBUG    | isalab | populate:138 | DataTable: No hay datos para mostrar
2026-04-18 17:43:47 | DEBUG    | isalab | populate:141 | DataTable: Cargando 13 filas
2026-04-18 17:43:47 | DEBUG    | isalab | populate:166 | DataTable: 13 filas mostradas
2026-04-18 17:44:24 | DEBUG    | isalab | _cargar_datos:316 | RecepcionView: 1 registros recibidos
2026-04-18 17:44:24 | DEBUG    | isalab | populate:141 | DataTable: Cargando 1 filas
2026-04-18 17:44:24 | DEBUG    | isalab | populate:166 | DataTable: 1 filas mostradas
2026-04-18 17:44:27 | DEBUG    | isalab | _cargar_datos:287 | AnimalesView: 12 registros recibidos
2026-04-18 17:44:27 | DEBUG    | isalab | populate:141 | DataTable: Cargando 12 filas
2026-04-18 17:44:27 | DEBUG    | isalab | populate:166 | DataTable: 12 filas mostradas
2026-04-18 17:44:27 | DEBUG    | isalab | _cargar_datos:214 | HistoriaView: 0 registros recibidos
2026-04-18 17:44:27 | DEBUG    | isalab | populate:138 | DataTable: No hay datos para mostrar
2026-04-18 17:44:28 | DEBUG    | isalab | _cargar_datos:202 | ConsultasView: 0 registros recibidos
2026-04-18 17:44:28 | DEBUG    | isalab | populate:138 | DataTable: No hay datos para mostrar
2026-04-18 17:44:30 | DEBUG    | isalab | _cargar_datos:218 | CirugiasView: 0 registros recibidos
2026-04-18 17:44:30 | DEBUG    | isalab | populate:138 | DataTable: No hay datos para mostrar
2026-04-18 17:44:31 | DEBUG    | isalab | _cargar_datos:209 | VacunacionView: 0 registros recibidos
2026-04-18 17:44:31 | DEBUG    | isalab | populate:138 | DataTable: No hay datos para mostrar
2026-04-18 17:44:32 | DEBUG    | isalab | populate:141 | DataTable: Cargando 13 filas
2026-04-18 17:44:32 | DEBUG    | isalab | populate:166 | DataTable: 13 filas mostradas
2026-04-18 17:44:33 | ERROR    | isalab | get_connection:129 | Error de conexión: no such column: created_at
2026-04-18 17:50:50 | INFO     | isalab | close_all_connections:232 | Conexiones de base de datos cerradas
2026-04-18 17:51:05 | INFO     | isalab | _initialize_database:111 | Base de datos auxiliar inicializada (Tablas clínicas delegadas a Alembic)
2026-04-18 17:51:05 | INFO     | isalab | _initialize_database:112 | NOTA: No hay usuarios creados. Ejecute el instalador de primera ejecución.
2026-04-18 17:51:05 | INFO     | isalab | __init__:36 | DatabaseManager inicializado
2026-04-18 17:51:05 | INFO     | isalab | verificar_salud_base_datos:109 | Health check DB: ['animales', 'usuarios', 'recepciones', 'muestras', 'historias_clinicas']
2026-04-18 17:51:05 | INFO     | isalab | main:182 | Icono cargado desde G:\ISALAB\assets\icono.ico
2026-04-18 17:51:09 | INFO     | isalab | iniciar_sesion:133 | Iniciando aplicación...
2026-04-18 17:51:18 | INFO     | isalab | autenticar:38 | Intentando autenticar usuario: admin
2026-04-18 17:51:18 | INFO     | isalab | autenticar:51 | Usuario autenticado exitosamente: admin, rol: admin
2026-04-18 17:51:18 | INFO     | isalab | __init__:60 | LabVetApp inicializado con usuario: {'id': 1, 'username': 'admin', 'nombre': 'Administrador', 'rol': 'admin'}
2026-04-18 17:51:22 | ERROR    | isalab | get_connection:129 | Error de conexión: no such column: created_at
2026-04-18 17:51:30 | ERROR    | isalab | get_connection:129 | Error de conexión: no such column: created_at
2026-04-18 17:51:40 | INFO     | isalab | close_all_connections:232 | Conexiones de base de datos cerradas
2026-04-18 17:54:15 | INFO     | isalab | _initialize_database:111 | Base de datos auxiliar inicializada (Tablas clínicas delegadas a Alembic)
2026-04-18 17:54:15 | INFO     | isalab | _initialize_database:112 | NOTA: No hay usuarios creados. Ejecute el instalador de primera ejecución.
2026-04-18 17:54:15 | INFO     | isalab | __init__:36 | DatabaseManager inicializado
2026-04-18 17:54:15 | INFO     | isalab | verificar_salud_base_datos:109 | Health check DB: ['animales', 'usuarios', 'recepciones', 'muestras', 'historias_clinicas']
2026-04-18 17:54:15 | INFO     | isalab | main:182 | Icono cargado desde G:\ISALAB\assets\icono.ico
2026-04-18 17:54:19 | INFO     | isalab | iniciar_sesion:133 | Iniciando aplicación...
2026-04-18 17:54:25 | INFO     | isalab | autenticar:38 | Intentando autenticar usuario: admin
2026-04-18 17:54:25 | INFO     | isalab | autenticar:51 | Usuario autenticado exitosamente: admin, rol: admin
2026-04-18 17:54:25 | INFO     | isalab | __init__:60 | LabVetApp inicializado con usuario: {'id': 1, 'username': 'admin', 'nombre': 'Administrador', 'rol': 'admin'}
2026-04-18 17:54:38 | INFO     | isalab | _show_usuarios:336 | _show_usuarios: self.usuario = {'id': 1, 'username': 'admin', 'nombre': 'Administrador', 'rol': 'admin'}
2026-04-18 17:54:47 | DEBUG    | isalab | _cargar_datos:316 | RecepcionView: 1 registros recibidos
2026-04-18 17:54:47 | DEBUG    | isalab | populate:141 | DataTable: Cargando 1 filas
2026-04-18 17:54:47 | DEBUG    | isalab | populate:166 | DataTable: 1 filas mostradas
2026-04-18 17:54:49 | DEBUG    | isalab | _cargar_datos:287 | AnimalesView: 12 registros recibidos
2026-04-18 17:54:49 | DEBUG    | isalab | populate:141 | DataTable: Cargando 12 filas
2026-04-18 17:54:49 | DEBUG    | isalab | populate:166 | DataTable: 12 filas mostradas
2026-04-18 17:54:49 | DEBUG    | isalab | _cargar_datos:214 | HistoriaView: 0 registros recibidos
2026-04-18 17:54:49 | DEBUG    | isalab | populate:138 | DataTable: No hay datos para mostrar
2026-04-18 17:54:50 | DEBUG    | isalab | _cargar_datos:202 | ConsultasView: 0 registros recibidos
2026-04-18 17:54:50 | DEBUG    | isalab | populate:138 | DataTable: No hay datos para mostrar
2026-04-18 17:54:51 | DEBUG    | isalab | _cargar_datos:218 | CirugiasView: 0 registros recibidos
2026-04-18 17:54:51 | DEBUG    | isalab | populate:138 | DataTable: No hay datos para mostrar
2026-04-18 17:54:52 | DEBUG    | isalab | _cargar_datos:209 | VacunacionView: 0 registros recibidos
2026-04-18 17:54:52 | DEBUG    | isalab | populate:138 | DataTable: No hay datos para mostrar
2026-04-18 17:54:53 | DEBUG    | isalab | populate:141 | DataTable: Cargando 13 filas
2026-04-18 17:54:53 | DEBUG    | isalab | populate:166 | DataTable: 13 filas mostradas
2026-04-18 17:54:58 | INFO     | isalab | close_all_connections:232 | Conexiones de base de datos cerradas
2026-04-18 18:36:35 | INFO     | isalab | _initialize_database:111 | Base de datos auxiliar inicializada (Tablas clínicas delegadas a Alembic)
2026-04-18 18:36:35 | INFO     | isalab | _initialize_database:112 | NOTA: No hay usuarios creados. Ejecute el instalador de primera ejecución.
2026-04-18 18:36:35 | INFO     | isalab | __init__:36 | DatabaseManager inicializado
2026-04-18 18:36:35 | INFO     | isalab | verificar_salud_base_datos:109 | Health check DB: ['animales', 'usuarios', 'recepciones', 'muestras', 'historias_clinicas']
2026-04-18 18:36:35 | INFO     | isalab | main:182 | Icono cargado desde G:\ISALAB\assets\icono.ico
2026-04-18 18:36:38 | INFO     | isalab | iniciar_sesion:133 | Iniciando aplicación...
2026-04-18 18:36:46 | INFO     | isalab | autenticar:38 | Intentando autenticar usuario: admin
2026-04-18 18:36:46 | INFO     | isalab | autenticar:51 | Usuario autenticado exitosamente: admin, rol: admin
2026-04-18 18:36:46 | INFO     | isalab | __init__:60 | LabVetApp inicializado con usuario: {'id': 1, 'username': 'admin', 'nombre': 'Administrador', 'rol': 'admin'}
2026-04-18 18:36:49 | DEBUG    | isalab | _cargar_datos:316 | RecepcionView: 1 registros recibidos
2026-04-18 18:36:49 | DEBUG    | isalab | populate:141 | DataTable: Cargando 1 filas
2026-04-18 18:36:49 | DEBUG    | isalab | populate:166 | DataTable: 1 filas mostradas
2026-04-18 18:36:57 | INFO     | isalab | close_all_connections:232 | Conexiones de base de datos cerradas
2026-04-18 21:21:33 | INFO     | isalab | _initialize_database:111 | Base de datos auxiliar inicializada (Tablas clínicas delegadas a Alembic)
2026-04-18 21:21:33 | INFO     | isalab | _initialize_database:112 | NOTA: No hay usuarios creados. Ejecute el instalador de primera ejecución.
2026-04-18 21:21:33 | INFO     | isalab | __init__:36 | DatabaseManager inicializado
2026-04-18 21:21:33 | INFO     | isalab | verificar_salud_base_datos:109 | Health check DB: ['animales', 'usuarios', 'recepciones', 'muestras', 'historias_clinicas']
2026-04-18 21:21:33 | INFO     | isalab | main:182 | Icono cargado desde G:\ISALAB\assets\icono.ico
2026-04-18 21:21:37 | INFO     | isalab | iniciar_sesion:133 | Iniciando aplicación...
2026-04-18 21:22:11 | INFO     | isalab | autenticar:38 | Intentando autenticar usuario: admin
2026-04-18 21:22:11 | INFO     | isalab | autenticar:51 | Usuario autenticado exitosamente: admin, rol: admin
2026-04-18 21:22:11 | INFO     | isalab | __init__:60 | LabVetApp inicializado con usuario: {'id': 1, 'username': 'admin', 'nombre': 'Administrador', 'rol': 'admin'}
2026-04-18 21:22:13 | DEBUG    | isalab | _cargar_datos:316 | RecepcionView: 1 registros recibidos
2026-04-18 21:22:13 | DEBUG    | isalab | populate:141 | DataTable: Cargando 1 filas
2026-04-18 21:22:13 | DEBUG    | isalab | populate:166 | DataTable: 1 filas mostradas
2026-04-18 21:23:21 | INFO     | isalab | close_all_connections:232 | Conexiones de base de datos cerradas
2026-04-18 21:30:38 | CRITICAL | isalab | _handle_exception:50 | Excepción no capturada: Traceback (most recent call last):
  File "G:\ISALAB\main.py", line 215, in <module>
    main()
    ~~~~^^
  File "G:\ISALAB\main.py", line 163, in main
    install_messagebox_style_filter(app)
    ~~~~~~~~~~~~~~~~~~~~~~~~~~~~~~~^^^^^
  File "G:\ISALAB\gui_pyside\utils\messages.py", line 57, in install_messagebox_style_filter
    class MessageBoxStyleFilter(Qt.QObject):
                                ^^^^^^^^^^
AttributeError: type object 'PySide6.QtCore.Qt' has no attribute 'QObject'

2026-04-18 21:30:38 | ERROR    | isalab | _handle_exception:53 | Excepción en producción: AttributeError: type object 'PySide6.QtCore.Qt' has no attribute 'QObject'
2026-04-18 21:33:28 | INFO     | isalab | install_messagebox_style_filter:66 | MessageBox style filter installed
2026-04-18 21:33:28 | INFO     | isalab | _initialize_database:111 | Base de datos auxiliar inicializada (Tablas clínicas delegadas a Alembic)
2026-04-18 21:33:28 | INFO     | isalab | _initialize_database:112 | NOTA: No hay usuarios creados. Ejecute el instalador de primera ejecución.
2026-04-18 21:33:28 | INFO     | isalab | __init__:36 | DatabaseManager inicializado
2026-04-18 21:33:28 | INFO     | isalab | verificar_salud_base_datos:110 | Health check DB: ['animales', 'usuarios', 'recepciones', 'muestras', 'historias_clinicas']
2026-04-18 21:33:28 | INFO     | isalab | main:186 | Icono cargado desde G:\ISALAB\assets\icono.ico
2026-04-18 21:33:31 | INFO     | isalab | iniciar_sesion:134 | Iniciando aplicación...
2026-04-18 21:33:42 | INFO     | isalab | autenticar:38 | Intentando autenticar usuario: admin
2026-04-18 21:33:42 | INFO     | isalab | autenticar:51 | Usuario autenticado exitosamente: admin, rol: admin
2026-04-18 21:33:42 | INFO     | isalab | __init__:60 | LabVetApp inicializado con usuario: {'id': 1, 'username': 'admin', 'nombre': 'Administrador', 'rol': 'admin'}
2026-04-18 21:33:57 | DEBUG    | isalab | _cargar_datos:316 | RecepcionView: 1 registros recibidos
2026-04-18 21:33:57 | DEBUG    | isalab | populate:141 | DataTable: Cargando 1 filas
2026-04-18 21:33:57 | DEBUG    | isalab | populate:166 | DataTable: 1 filas mostradas
2026-04-18 21:34:20 | INFO     | isalab | close_all_connections:232 | Conexiones de base de datos cerradas
2026-04-18 22:56:29 | INFO     | isalab | install_messagebox_style_filter:66 | MessageBox style filter installed
2026-04-18 22:56:29 | INFO     | isalab | _initialize_database:111 | Base de datos auxiliar inicializada (Tablas clínicas delegadas a Alembic)
2026-04-18 22:56:29 | INFO     | isalab | _initialize_database:112 | NOTA: No hay usuarios creados. Ejecute el instalador de primera ejecución.
2026-04-18 22:56:29 | INFO     | isalab | __init__:36 | DatabaseManager inicializado
2026-04-18 22:56:29 | INFO     | isalab | verificar_salud_base_datos:110 | Health check DB: ['animales', 'usuarios', 'recepciones', 'muestras', 'historias_clinicas']
2026-04-18 22:56:30 | INFO     | isalab | main:186 | Icono cargado desde G:\ISALAB\assets\icono.ico
2026-04-18 22:56:33 | INFO     | isalab | iniciar_sesion:134 | Iniciando aplicación...
2026-04-18 22:56:44 | INFO     | isalab | autenticar:38 | Intentando autenticar usuario: admin
2026-04-18 22:56:44 | WARNING  | isalab | autenticar:48 | Login fallido: contraseña incorrecta para: admin
2026-04-18 22:56:44 | INFO     | isalab | autenticar:38 | Intentando autenticar usuario: admin
2026-04-18 22:56:44 | WARNING  | isalab | autenticar:48 | Login fallido: contraseña incorrecta para: admin
2026-04-18 22:56:52 | INFO     | isalab | iniciar_sesion:140 | Login cancelado
2026-04-18 22:56:52 | INFO     | isalab | close_all_connections:232 | Conexiones de base de datos cerradas
2026-04-18 23:01:18 | INFO     | isalab | install_messagebox_style_filter:66 | MessageBox style filter installed
2026-04-18 23:01:18 | INFO     | isalab | _initialize_database:111 | Base de datos auxiliar inicializada (Tablas clínicas delegadas a Alembic)
2026-04-18 23:01:18 | INFO     | isalab | _initialize_database:112 | NOTA: No hay usuarios creados. Ejecute el instalador de primera ejecución.
2026-04-18 23:01:18 | INFO     | isalab | __init__:36 | DatabaseManager inicializado
2026-04-18 23:01:18 | INFO     | isalab | verificar_salud_base_datos:110 | Health check DB: ['animales', 'usuarios', 'recepciones', 'muestras', 'historias_clinicas']
2026-04-18 23:01:18 | INFO     | isalab | main:186 | Icono cargado desde G:\ISALAB\assets\icono.ico
2026-04-18 23:01:21 | INFO     | isalab | iniciar_sesion:134 | Iniciando aplicación...
2026-04-18 23:01:27 | INFO     | isalab | autenticar:38 | Intentando autenticar usuario: admin
2026-04-18 23:01:27 | INFO     | isalab | autenticar:51 | Usuario autenticado exitosamente: admin, rol: admin
2026-04-18 23:01:27 | INFO     | isalab | __init__:60 | LabVetApp inicializado con usuario: {'id': 1, 'username': 'admin', 'nombre': 'Administrador', 'rol': 'admin'}
2026-04-18 23:01:40 | DEBUG    | isalab | _cargar_datos:316 | RecepcionView: 0 registros recibidos
2026-04-18 23:01:40 | DEBUG    | isalab | populate:138 | DataTable: No hay datos para mostrar
2026-04-18 23:01:43 | DEBUG    | isalab | _cargar_datos:287 | AnimalesView: 0 registros recibidos
2026-04-18 23:01:43 | DEBUG    | isalab | populate:138 | DataTable: No hay datos para mostrar
2026-04-18 23:01:45 | DEBUG    | isalab | populate:138 | DataTable: No hay datos para mostrar
2026-04-18 23:02:05 | DEBUG    | isalab | _cargar_datos:316 | RecepcionView: 0 registros recibidos
2026-04-18 23:02:05 | DEBUG    | isalab | populate:138 | DataTable: No hay datos para mostrar
2026-04-18 23:02:22 | INFO     | isalab | close_all_connections:232 | Conexiones de base de datos cerradas
2026-04-18 23:16:20 | INFO     | isalab | install_messagebox_style_filter:66 | MessageBox style filter installed
2026-04-18 23:16:20 | INFO     | isalab | _initialize_database:111 | Base de datos auxiliar inicializada (Tablas clínicas delegadas a Alembic)
2026-04-18 23:16:20 | INFO     | isalab | _initialize_database:112 | NOTA: No hay usuarios creados. Ejecute el instalador de primera ejecución.
2026-04-18 23:16:20 | INFO     | isalab | __init__:36 | DatabaseManager inicializado
2026-04-18 23:16:20 | INFO     | isalab | verificar_salud_base_datos:110 | Health check DB: ['animales', 'usuarios', 'recepciones', 'muestras', 'historias_clinicas']
2026-04-18 23:16:20 | INFO     | isalab | main:193 | Icono cargado desde G:\ISALAB\assets\icono.ico
2026-04-18 23:16:23 | INFO     | isalab | iniciar_sesion:124 | Icono recibido en iniciar_sesion: isNull=False, sizes=[PySide6.QtCore.QSize(256, 256), PySide6.QtCore.QSize(128, 128), PySide6.QtCore.QSize(64, 64), PySide6.QtCore.QSize(48, 48), PySide6.QtCore.QSize(40, 40), PySide6.QtCore.QSize(32, 32), PySide6.QtCore.QSize(24, 24), PySide6.QtCore.QSize(20, 20), PySide6.QtCore.QSize(16, 16)]
2026-04-18 23:16:23 | INFO     | isalab | iniciar_sesion:137 | Iniciando aplicación...
2026-04-18 23:16:31 | INFO     | isalab | autenticar:38 | Intentando autenticar usuario: admin
2026-04-18 23:16:31 | INFO     | isalab | autenticar:51 | Usuario autenticado exitosamente: admin, rol: admin
2026-04-18 23:16:31 | INFO     | isalab | __init__:60 | LabVetApp inicializado con usuario: {'id': 1, 'username': 'admin', 'nombre': 'Administrador', 'rol': 'admin'}
2026-04-18 23:16:31 | ERROR    | isalab | ocultar_info_sensible:85 | Error en producción: NameError: name 'app' is not defined
2026-04-18 23:16:31 | CRITICAL | isalab | iniciar_sesion:159 | Error fatal: Se produjo un error. Por favor contacte al administrador.
2026-04-18 23:16:34 | INFO     | isalab | close_all_connections:232 | Conexiones de base de datos cerradas
2026-04-18 23:18:45 | INFO     | isalab | install_messagebox_style_filter:66 | MessageBox style filter installed
2026-04-18 23:18:45 | INFO     | isalab | _initialize_database:111 | Base de datos auxiliar inicializada (Tablas clínicas delegadas a Alembic)
2026-04-18 23:18:45 | INFO     | isalab | _initialize_database:112 | NOTA: No hay usuarios creados. Ejecute el instalador de primera ejecución.
2026-04-18 23:18:45 | INFO     | isalab | __init__:36 | DatabaseManager inicializado
2026-04-18 23:18:45 | INFO     | isalab | verificar_salud_base_datos:114 | Health check DB: ['animales', 'usuarios', 'recepciones', 'muestras', 'historias_clinicas']
2026-04-18 23:18:45 | INFO     | isalab | main:200 | Icono cargado desde G:\ISALAB\assets\icono.ico
2026-04-18 23:18:48 | INFO     | isalab | iniciar_sesion:131 | Icono recibido en iniciar_sesion: isNull=False, sizes=[PySide6.QtCore.QSize(256, 256), PySide6.QtCore.QSize(128, 128), PySide6.QtCore.QSize(64, 64), PySide6.QtCore.QSize(48, 48), PySide6.QtCore.QSize(40, 40), PySide6.QtCore.QSize(32, 32), PySide6.QtCore.QSize(24, 24), PySide6.QtCore.QSize(20, 20), PySide6.QtCore.QSize(16, 16)]
2026-04-18 23:18:48 | INFO     | isalab | iniciar_sesion:144 | Iniciando aplicación...
2026-04-18 23:18:55 | INFO     | isalab | autenticar:38 | Intentando autenticar usuario: admin
2026-04-18 23:18:55 | INFO     | isalab | autenticar:51 | Usuario autenticado exitosamente: admin, rol: admin
2026-04-18 23:18:55 | INFO     | isalab | __init__:60 | LabVetApp inicializado con usuario: {'id': 1, 'username': 'admin', 'nombre': 'Administrador', 'rol': 'admin'}
2026-04-18 23:18:55 | INFO     | isalab | iniciar_sesion:160 | Aplicando icono a ventana: isNull=False
2026-04-18 23:19:06 | DEBUG    | isalab | _cargar_datos:316 | RecepcionView: 0 registros recibidos
2026-04-18 23:19:06 | DEBUG    | isalab | populate:138 | DataTable: No hay datos para mostrar
2026-04-18 23:19:07 | DEBUG    | isalab | _cargar_datos:287 | AnimalesView: 0 registros recibidos
2026-04-18 23:19:07 | DEBUG    | isalab | populate:138 | DataTable: No hay datos para mostrar
2026-04-18 23:19:07 | DEBUG    | isalab | _cargar_datos:214 | HistoriaView: 0 registros recibidos
2026-04-18 23:19:07 | DEBUG    | isalab | populate:138 | DataTable: No hay datos para mostrar
2026-04-18 23:19:08 | DEBUG    | isalab | _cargar_datos:202 | ConsultasView: 0 registros recibidos
2026-04-18 23:19:08 | DEBUG    | isalab | populate:138 | DataTable: No hay datos para mostrar
2026-04-18 23:19:09 | DEBUG    | isalab | _cargar_datos:218 | CirugiasView: 0 registros recibidos
2026-04-18 23:19:09 | DEBUG    | isalab | populate:138 | DataTable: No hay datos para mostrar
2026-04-18 23:19:10 | DEBUG    | isalab | _cargar_datos:209 | VacunacionView: 0 registros recibidos
2026-04-18 23:19:10 | DEBUG    | isalab | populate:138 | DataTable: No hay datos para mostrar
2026-04-18 23:19:14 | DEBUG    | isalab | populate:138 | DataTable: No hay datos para mostrar
2026-04-18 23:19:17 | INFO     | isalab | _show_usuarios:336 | _show_usuarios: self.usuario = {'id': 1, 'username': 'admin', 'nombre': 'Administrador', 'rol': 'admin'}
2026-04-18 23:19:21 | INFO     | isalab | close_all_connections:232 | Conexiones de base de datos cerradas
2026-05-03 21:46:36 | INFO     | isalab | _initialize_database:114 | Base de datos auxiliar inicializada (Tablas clínicas delegadas a Alembic)
2026-05-03 21:46:36 | INFO     | isalab | _initialize_database:115 | NOTA: No hay usuarios creados. Ejecute el instalador de primera ejecución.
2026-05-03 21:46:36 | INFO     | isalab | __init__:39 | DatabaseManager inicializado
2026-05-03 21:48:21 | INFO     | isalab | install_messagebox_style_filter:66 | MessageBox style filter installed
2026-05-03 21:48:21 | INFO     | isalab | _initialize_database:114 | Base de datos auxiliar inicializada (Tablas clínicas delegadas a Alembic)
2026-05-03 21:48:21 | INFO     | isalab | _initialize_database:115 | NOTA: No hay usuarios creados. Ejecute el instalador de primera ejecución.
2026-05-03 21:48:21 | INFO     | isalab | __init__:39 | DatabaseManager inicializado
2026-05-03 21:48:21 | INFO     | isalab | verificar_salud_base_datos:126 | Health check DB: ['animales', 'usuarios', 'recepciones', 'muestras', 'historias_clinicas']
2026-05-03 21:48:21 | INFO     | isalab | main:216 | Icono cargado desde G:\ISALAB\assets\icono.ico
2026-05-03 21:48:25 | INFO     | isalab | iniciar_sesion:143 | Icono recibido en iniciar_sesion: isNull=False, sizes=[PySide6.QtCore.QSize(256, 256), PySide6.QtCore.QSize(128, 128), PySide6.QtCore.QSize(64, 64), PySide6.QtCore.QSize(48, 48), PySide6.QtCore.QSize(40, 40), PySide6.QtCore.QSize(32, 32), PySide6.QtCore.QSize(24, 24), PySide6.QtCore.QSize(20, 20), PySide6.QtCore.QSize(16, 16)]
2026-05-03 21:48:25 | INFO     | isalab | iniciar_sesion:160 | Iniciando aplicación...
2026-05-03 21:48:31 | INFO     | isalab | autenticar:38 | Intentando autenticar usuario: admin
2026-05-03 21:48:31 | INFO     | isalab | autenticar:53 | Usuario autenticado exitosamente: admin, rol: admin
2026-05-03 21:48:32 | INFO     | isalab | __init__:58 | LabVetApp inicializado con usuario: {'id': 1, 'username': 'admin', 'nombre': 'Administrador', 'rol': 'admin'}
2026-05-03 21:48:32 | INFO     | isalab | iniciar_sesion:176 | Aplicando icono a ventana: isNull=False
2026-05-03 21:48:41 | DEBUG    | isalab | _cargar_datos:317 | RecepcionView: 0 registros recibidos
2026-05-03 21:48:41 | DEBUG    | isalab | populate:146 | DataTable: No hay datos para mostrar
2026-05-03 21:48:43 | DEBUG    | isalab | _cargar_datos:288 | AnimalesView: 0 registros recibidos
2026-05-03 21:48:43 | DEBUG    | isalab | populate:146 | DataTable: No hay datos para mostrar
2026-05-03 21:48:45 | DEBUG    | isalab | _cargar_datos:215 | HistoriaView: 0 registros recibidos
2026-05-03 21:48:45 | DEBUG    | isalab | populate:146 | DataTable: No hay datos para mostrar
2026-05-03 21:48:47 | DEBUG    | isalab | _cargar_datos:213 | ConsultasView: 0 registros recibidos
2026-05-03 21:48:47 | DEBUG    | isalab | populate:146 | DataTable: No hay datos para mostrar
2026-05-03 21:48:50 | DEBUG    | isalab | _cargar_datos:229 | CirugiasView: 0 registros recibidos
2026-05-03 21:48:50 | DEBUG    | isalab | populate:146 | DataTable: No hay datos para mostrar
2026-05-03 21:48:53 | DEBUG    | isalab | _cargar_datos:211 | VacunacionView: 0 registros recibidos
2026-05-03 21:48:53 | DEBUG    | isalab | populate:146 | DataTable: No hay datos para mostrar
2026-05-03 21:49:00 | INFO     | isalab | close_all_connections:235 | Conexiones de base de datos cerradas
2026-05-13 16:24:19 | INFO     | isalab | install_messagebox_style_filter:66 | MessageBox style filter installed
2026-05-13 16:24:19 | INFO     | isalab | _initialize_database:114 | Base de datos auxiliar inicializada (Tablas clínicas delegadas a Alembic)
2026-05-13 16:24:19 | INFO     | isalab | _initialize_database:115 | NOTA: No hay usuarios creados. Ejecute el instalador de primera ejecución.
2026-05-13 16:24:19 | INFO     | isalab | __init__:39 | DatabaseManager inicializado
2026-05-13 16:24:19 | INFO     | isalab | verificar_salud_base_datos:126 | Health check DB: ['animales', 'usuarios', 'recepciones', 'muestras', 'historias_clinicas']
2026-05-13 16:24:20 | INFO     | isalab | main:216 | Icono cargado desde C:\ISALAB\assets\icono.ico
2026-05-13 16:24:24 | INFO     | isalab | iniciar_sesion:143 | Icono recibido en iniciar_sesion: isNull=False, sizes=[PySide6.QtCore.QSize(256, 256), PySide6.QtCore.QSize(128, 128), PySide6.QtCore.QSize(64, 64), PySide6.QtCore.QSize(48, 48), PySide6.QtCore.QSize(40, 40), PySide6.QtCore.QSize(32, 32), PySide6.QtCore.QSize(24, 24), PySide6.QtCore.QSize(20, 20), PySide6.QtCore.QSize(16, 16)]
2026-05-13 16:24:24 | INFO     | isalab | iniciar_sesion:160 | Iniciando aplicación...
2026-05-13 16:24:28 | INFO     | isalab | iniciar_sesion:166 | Login cancelado
2026-05-13 16:24:28 | INFO     | isalab | close_all_connections:235 | Conexiones de base de datos cerradas
2026-05-13 19:47:51 | INFO     | isalab | install_messagebox_style_filter:66 | MessageBox style filter installed
2026-05-13 19:47:51 | INFO     | isalab | _initialize_database:114 | Base de datos auxiliar inicializada (Tablas clínicas delegadas a Alembic)
2026-05-13 19:47:51 | INFO     | isalab | _initialize_database:115 | NOTA: No hay usuarios creados. Ejecute el instalador de primera ejecución.
2026-05-13 19:47:51 | INFO     | isalab | __init__:39 | DatabaseManager inicializado
2026-05-13 19:47:51 | INFO     | isalab | verificar_salud_base_datos:126 | Health check DB: ['animales', 'usuarios', 'recepciones', 'muestras', 'historias_clinicas']
2026-05-13 19:47:51 | INFO     | isalab | main:216 | Icono cargado desde C:\ISALAB\assets\icono.ico
2026-05-13 19:47:57 | INFO     | isalab | iniciar_sesion:143 | Icono recibido en iniciar_sesion: isNull=False, sizes=[PySide6.QtCore.QSize(256, 256), PySide6.QtCore.QSize(128, 128), PySide6.QtCore.QSize(64, 64), PySide6.QtCore.QSize(48, 48), PySide6.QtCore.QSize(40, 40), PySide6.QtCore.QSize(32, 32), PySide6.QtCore.QSize(24, 24), PySide6.QtCore.QSize(20, 20), PySide6.QtCore.QSize(16, 16)]
2026-05-13 19:47:57 | INFO     | isalab | iniciar_sesion:160 | Iniciando aplicación...
2026-05-13 19:48:04 | INFO     | isalab | iniciar_sesion:166 | Login cancelado
2026-05-13 19:48:04 | INFO     | isalab | close_all_connections:235 | Conexiones de base de datos cerradas
2026-05-13 20:12:02 | INFO     | isalab | install_messagebox_style_filter:66 | MessageBox style filter installed
2026-05-13 20:12:02 | INFO     | isalab | _initialize_database:114 | Base de datos auxiliar inicializada (Tablas clínicas delegadas a Alembic)
2026-05-13 20:12:02 | INFO     | isalab | _initialize_database:115 | NOTA: No hay usuarios creados. Ejecute el instalador de primera ejecución.
2026-05-13 20:12:02 | INFO     | isalab | __init__:39 | DatabaseManager inicializado
2026-05-13 20:12:02 | INFO     | isalab | verificar_salud_base_datos:137 | Health check DB: ['animales', 'usuarios', 'recepciones', 'muestras', 'historias_clinicas']
2026-05-13 20:12:03 | INFO     | isalab | main:227 | Icono cargado desde C:\ISALAB\assets\icono.ico
2026-05-13 20:12:06 | INFO     | isalab | iniciar_sesion:154 | Icono recibido en iniciar_sesion: isNull=False, sizes=[PySide6.QtCore.QSize(256, 256), PySide6.QtCore.QSize(128, 128), PySide6.QtCore.QSize(64, 64), PySide6.QtCore.QSize(48, 48), PySide6.QtCore.QSize(32, 32), PySide6.QtCore.QSize(16, 16)]
2026-05-13 20:12:06 | INFO     | isalab | iniciar_sesion:171 | Iniciando aplicación...
2026-05-13 20:12:29 | INFO     | isalab | iniciar_sesion:177 | Login cancelado
2026-05-13 20:12:29 | INFO     | isalab | close_all_connections:235 | Conexiones de base de datos cerradas
2026-05-13 20:34:21 | INFO     | isalab | install_messagebox_style_filter:66 | MessageBox style filter installed
2026-05-13 20:34:21 | INFO     | isalab | _initialize_database:114 | Base de datos auxiliar inicializada (Tablas clínicas delegadas a Alembic)
2026-05-13 20:34:21 | INFO     | isalab | _initialize_database:115 | NOTA: No hay usuarios creados. Ejecute el instalador de primera ejecución.
2026-05-13 20:34:21 | INFO     | isalab | __init__:39 | DatabaseManager inicializado
2026-05-13 20:34:21 | INFO     | isalab | verificar_salud_base_datos:137 | Health check DB: ['animales', 'usuarios', 'recepciones', 'muestras', 'historias_clinicas']
2026-05-13 20:34:21 | INFO     | isalab | main:227 | Icono cargado desde C:\ISALAB\assets\icono.ico
2026-05-13 20:34:25 | INFO     | isalab | iniciar_sesion:154 | Icono recibido en iniciar_sesion: isNull=False, sizes=[PySide6.QtCore.QSize(256, 256), PySide6.QtCore.QSize(128, 128), PySide6.QtCore.QSize(64, 64), PySide6.QtCore.QSize(48, 48), PySide6.QtCore.QSize(32, 32), PySide6.QtCore.QSize(16, 16)]
2026-05-13 20:34:25 | INFO     | isalab | iniciar_sesion:171 | Iniciando aplicación...
2026-05-13 20:34:31 | INFO     | isalab | autenticar:38 | Intentando autenticar usuario: admin
2026-05-13 20:34:31 | INFO     | isalab | autenticar:53 | Usuario autenticado exitosamente: admin, rol: admin
2026-05-13 20:34:31 | INFO     | isalab | __init__:58 | LabVetApp inicializado con usuario: {'id': 1, 'username': 'admin', 'nombre': 'Administrador', 'rol': 'admin'}
2026-05-13 20:34:31 | INFO     | isalab | iniciar_sesion:187 | Aplicando icono a ventana: isNull=False
2026-05-13 20:34:39 | DEBUG    | isalab | _cargar_datos:317 | RecepcionView: 0 registros recibidos
2026-05-13 20:34:39 | DEBUG    | isalab | populate:146 | DataTable: No hay datos para mostrar
2026-05-13 20:34:41 | DEBUG    | isalab | _cargar_datos:288 | AnimalesView: 0 registros recibidos
2026-05-13 20:34:41 | DEBUG    | isalab | populate:146 | DataTable: No hay datos para mostrar
2026-05-13 20:34:42 | DEBUG    | isalab | _cargar_datos:215 | HistoriaView: 0 registros recibidos
2026-05-13 20:34:42 | DEBUG    | isalab | populate:146 | DataTable: No hay datos para mostrar
2026-05-13 20:34:44 | DEBUG    | isalab | _cargar_datos:213 | ConsultasView: 0 registros recibidos
2026-05-13 20:34:44 | DEBUG    | isalab | populate:146 | DataTable: No hay datos para mostrar
2026-05-13 20:34:46 | DEBUG    | isalab | _cargar_datos:288 | AnimalesView: 0 registros recibidos
2026-05-13 20:34:46 | DEBUG    | isalab | populate:146 | DataTable: No hay datos para mostrar
2026-05-13 20:34:48 | DEBUG    | isalab | _cargar_datos:215 | HistoriaView: 0 registros recibidos
2026-05-13 20:34:48 | DEBUG    | isalab | populate:146 | DataTable: No hay datos para mostrar
2026-05-13 20:35:01 | DEBUG    | isalab | _cargar_datos:317 | RecepcionView: 0 registros recibidos
2026-05-13 20:35:01 | DEBUG    | isalab | populate:146 | DataTable: No hay datos para mostrar
2026-05-13 20:35:02 | DEBUG    | isalab | _cargar_datos:213 | ConsultasView: 0 registros recibidos
2026-05-13 20:35:02 | DEBUG    | isalab | populate:146 | DataTable: No hay datos para mostrar
2026-05-13 20:35:04 | DEBUG    | isalab | _cargar_datos:229 | CirugiasView: 0 registros recibidos
2026-05-13 20:35:04 | DEBUG    | isalab | populate:146 | DataTable: No hay datos para mostrar
2026-05-13 20:35:06 | DEBUG    | isalab | _cargar_datos:211 | VacunacionView: 0 registros recibidos
2026-05-13 20:35:06 | DEBUG    | isalab | populate:146 | DataTable: No hay datos para mostrar
2026-05-13 20:35:08 | DEBUG    | isalab | populate:146 | DataTable: No hay datos para mostrar
2026-05-13 20:35:10 | DEBUG    | isalab | _cargar_datos:211 | VacunacionView: 0 registros recibidos
2026-05-13 20:35:10 | DEBUG    | isalab | populate:146 | DataTable: No hay datos para mostrar
2026-05-13 20:35:23 | DEBUG    | isalab | populate:146 | DataTable: No hay datos para mostrar
2026-05-13 20:35:37 | INFO     | isalab | _show_usuarios:351 | _show_usuarios: self.usuario = {'id': 1, 'username': 'admin', 'nombre': 'Administrador', 'rol': 'admin'}
2026-05-13 20:41:15 | INFO     | isalab | close_all_connections:235 | Conexiones de base de datos cerradas
